OrderNumber,OrderDate,ProductId,StoreId,CustomerId,Channel,Quantity,UnitPrice,DiscountAmount
SO-100001,2026-02-16,P-0026,S-007,C-00171,Store,3,7.84,0.0
SO-100001,2026-02-16,P-0028,S-007,C-00171,Store,5,100.98,57.63
SO-100001,2026-02-16,P-0011,S-007,C-00171,Store,2,329.61,0.0
SO-100001,2026-02-16,P-0015,S-007,C-00171,Store,2,252.84,0.0
SO-100002,2026-02-20,P-0019,S-012,C-00325,Store,4,348.85,289.09
SO-100002,2026-02-20,P-0026,S-012,C-00325,Store,3,7.84,3.83
SO-100002,2026-02-20,P-0008,S-012,C-00325,Store,5,155.15,0.0
SO-100002,2026-02-20,P-0011,S-012,C-00325,Store,2,329.61,0.0
SO-100003,2026-04-20,P-0015,S-012,C-00237,Store,3,252.84,0.0
SO-100003,2026-04-20,P-0026,S-012,C-00237,Store,1,7.84,0.0
SO-100004,2026-03-15,P-0008,S-003,C-00325,Online,2,155.15,0.0
SO-100004,2026-03-15,P-0009,S-003,C-00325,Online,4,269.72,267.71
SO-100004,2026-03-15,P-0022,S-003,C-00325,Online,4,391.3,0.0
SO-100005,2026-04-16,P-0026,S-012,C-00215,Store,3,7.84,0.0
SO-100006,2026-04-17,P-0022,S-002,C-00056,Store,2,391.3,0.0
SO-100006,2026-04-17,P-0012,S-002,C-00056,Store,1,88.99,0.0
SO-100007,2026-05-15,P-0026,S-007,C-00496,Online,1,7.84,0.74
SO-100007,2026-05-15,P-0014,S-007,C-00496,Online,5,398.94,0.0
SO-100007,2026-05-15,P-0004,S-007,C-00496,Online,5,114.76,71.62
SO-100008,2026-03-29,P-0012,S-010,C-00354,Online,4,88.99,47.41
SO-100008,2026-03-29,P-0001,S-010,C-00354,Online,1,93.17,22.19
SO-100009,2026-01-06,P-0017,S-006,C-00234,Store,3,274.28,0.0
SO-100009,2026-01-06,P-0016,S-006,C-00234,Store,4,240.38,0.0
SO-100010,2026-03-26,P-0001,S-005,C-00023,Store,3,93.17,0.0
SO-100011,2026-05-23,P-0018,S-012,C-00125,Online,3,176.73,0.0
SO-100011,2026-05-23,P-0006,S-012,C-00125,Online,4,389.38,204.05
SO-100012,2026-01-17,P-0001,S-011,C-00222,Store,2,93.17,0.0
SO-100012,2026-01-17,P-0024,S-011,C-00222,Store,4,286.61,0.0
SO-100012,2026-01-17,P-0020,S-011,C-00222,Store,2,241.58,96.86
SO-100012,2026-01-17,P-0029,S-011,C-00222,Store,1,144.95,0.0
SO-100013,2026-04-17,P-0004,S-006,C-00101,Store,4,114.76,0.0
SO-100013,2026-04-17,P-0009,S-006,C-00101,Store,3,269.72,0.0
SO-100013,2026-04-17,P-0022,S-006,C-00101,Store,5,391.3,0.0
SO-100013,2026-04-17,P-0028,S-006,C-00101,Store,1,100.98,0.0
SO-100014,2026-03-28,P-0030,S-011,C-00362,Online,1,28.94,0.0
SO-100014,2026-03-28,P-0020,S-011,C-00362,Online,3,241.58,80.5
SO-100014,2026-03-28,P-0019,S-011,C-00362,Online,2,348.85,0.0
SO-100015,2026-01-06,P-0019,S-007,C-00306,Store,4,348.85,247.13
SO-100015,2026-01-06,P-0013,S-007,C-00306,Store,2,299.27,0.0
SO-100016,2026-04-05,P-0020,S-003,C-00162,Store,1,241.58,0.0
SO-100016,2026-04-05,P-0002,S-003,C-00162,Store,2,42.01,0.0
SO-100016,2026-04-05,P-0028,S-003,C-00162,Store,5,100.98,0.0
SO-100016,2026-04-05,P-0012,S-003,C-00162,Store,4,88.99,0.0
SO-100017,2026-04-05,P-0003,S-008,C-00251,Store,1,92.07,0.0
SO-100017,2026-04-05,P-0019,S-008,C-00251,Store,2,348.85,73.24
SO-100018,2026-04-17,P-0018,S-008,C-00290,Store,1,176.73,28.03
SO-100018,2026-04-17,P-0017,S-008,C-00290,Store,3,274.28,0.0
SO-100018,2026-04-17,P-0004,S-008,C-00290,Store,1,114.76,0.0
SO-100018,2026-04-17,P-0019,S-008,C-00290,Store,4,348.85,0.0
SO-100019,2026-03-19,P-0010,S-011,C-00385,Store,1,69.54,0.0
SO-100019,2026-03-19,P-0028,S-011,C-00385,Store,3,100.98,0.0
SO-100020,2025-12-23,P-0007,S-002,C-00398,Store,5,283.31,0.0
SO-100020,2025-12-23,P-0026,S-002,C-00398,Store,5,7.84,0.0
SO-100021,2026-01-12,P-0026,S-004,C-00417,Online,5,7.84,0.0
SO-100021,2026-01-12,P-0002,S-004,C-00417,Online,3,42.01,0.0
SO-100022,2026-01-13,P-0019,S-012,C-00150,Store,5,348.85,0.0
SO-100022,2026-01-13,P-0009,S-012,C-00150,Store,1,269.72,53.95
SO-100022,2026-01-13,P-0028,S-012,C-00150,Store,4,100.98,0.0
SO-100023,2026-02-09,P-0008,S-003,C-00360,Online,3,155.15,0.0
SO-100023,2026-02-09,P-0005,S-003,C-00360,Online,4,146.8,0.0
SO-100024,2026-04-27,P-0015,S-011,C-00213,Online,1,252.84,0.0
SO-100024,2026-04-27,P-0003,S-011,C-00213,Online,3,92.07,0.0
SO-100024,2026-04-27,P-0021,S-011,C-00213,Online,3,100.14,0.0
SO-100024,2026-04-27,P-0026,S-011,C-00213,Online,4,7.84,0.0
SO-100025,2025-12-01,P-0021,S-012,C-00048,Online,1,100.14,0.0
SO-100025,2025-12-01,P-0022,S-012,C-00048,Online,4,391.3,212.76
SO-100025,2025-12-01,P-0023,S-012,C-00048,Online,2,109.7,0.0
SO-100025,2025-12-01,P-0012,S-012,C-00048,Online,3,88.99,0.0
SO-100026,2026-02-25,P-0026,S-003,C-00290,Store,1,7.84,1.37
SO-100026,2026-02-25,P-0011,S-003,C-00290,Store,4,329.61,311.0
SO-100026,2026-02-25,P-0029,S-003,C-00290,Store,2,144.95,0.0
SO-100026,2026-02-25,P-0022,S-003,C-00290,Store,1,391.3,0.0
SO-100027,2026-03-20,P-0029,S-012,C-00466,Store,3,144.95,102.86
SO-100027,2026-03-20,P-0021,S-012,C-00466,Store,3,100.14,36.68
SO-100028,2025-12-22,P-0013,S-011,C-00085,Store,3,299.27,0.0
SO-100029,2026-01-29,P-0001,S-002,C-00361,Store,2,93.17,0.0
SO-100030,2026-01-03,P-0001,S-009,C-00349,Store,1,93.17,0.0
SO-100030,2026-01-03,P-0023,S-009,C-00349,Store,4,109.7,0.0
SO-100030,2026-01-03,P-0011,S-009,C-00349,Store,4,329.61,166.93
SO-100030,2026-01-03,P-0027,S-009,C-00349,Store,1,32.99,4.07
SO-100031,2026-02-15,P-0003,S-003,C-00329,Store,5,92.07,82.86
SO-100031,2026-02-15,P-0017,S-003,C-00329,Store,4,274.28,0.0
SO-100032,2026-01-24,P-0020,S-003,C-00471,Online,2,241.58,33.87
SO-100032,2026-01-24,P-0022,S-003,C-00471,Online,1,391.3,0.0
SO-100032,2026-01-24,P-0015,S-003,C-00471,Online,4,252.84,0.0
SO-100032,2026-01-24,P-0028,S-003,C-00471,Online,4,100.98,0.0
SO-100033,2026-01-05,P-0018,S-011,C-00044,Store,5,176.73,0.0
SO-100033,2026-01-05,P-0020,S-011,C-00044,Store,3,241.58,0.0
SO-100034,2026-05-26,P-0007,S-011,C-00449,Store,5,283.31,181.81
SO-100034,2026-05-26,P-0017,S-011,C-00449,Store,1,274.28,0.0
SO-100034,2026-05-26,P-0020,S-011,C-00449,Store,2,241.58,0.0
SO-100035,2025-12-29,P-0017,S-011,C-00305,Store,1,274.28,0.0
SO-100036,2026-02-20,P-0018,S-010,C-00216,Store,4,176.73,0.0
SO-100036,2026-02-20,P-0022,S-010,C-00216,Store,1,391.3,24.85
SO-100036,2026-02-20,P-0006,S-010,C-00216,Store,3,389.38,273.95
SO-100037,2026-03-12,P-0014,S-011,C-00365,Store,5,398.94,0.0
SO-100037,2026-03-12,P-0023,S-011,C-00365,Store,2,109.7,24.57
SO-100037,2026-03-12,P-0013,S-011,C-00365,Store,5,299.27,0.0
SO-100037,2026-03-12,P-0003,S-011,C-00365,Store,2,92.07,0.0
SO-100038,2026-03-11,P-0010,S-011,C-00349,Store,4,69.54,0.0
SO-100039,2026-01-31,P-0004,S-002,C-00474,Store,3,114.76,0.0
SO-100039,2026-01-31,P-0015,S-002,C-00474,Store,2,252.84,96.88
SO-100039,2026-01-31,P-0020,S-002,C-00474,Store,1,241.58,58.12
SO-100039,2026-01-31,P-0002,S-002,C-00474,Store,5,42.01,0.0
SO-100040,2026-02-05,P-0024,S-003,C-00384,Store,1,286.61,0.0
SO-100040,2026-02-05,P-0029,S-003,C-00384,Store,4,144.95,36.4
SO-100040,2026-02-05,P-0004,S-003,C-00384,Store,5,114.76,0.0
SO-100041,2026-04-07,P-0028,S-006,C-00029,Store,2,100.98,14.25
SO-100041,2026-04-07,P-0019,S-006,C-00029,Store,5,348.85,0.0
SO-100041,2026-04-07,P-0006,S-006,C-00029,Store,1,389.38,59.09
SO-100041,2026-04-07,P-0012,S-006,C-00029,Store,1,88.99,0.0
SO-100042,2025-12-04,P-0030,S-008,C-00187,Store,1,28.94,0.0
SO-100042,2025-12-04,P-0005,S-008,C-00187,Store,4,146.8,58.52
SO-100042,2025-12-04,P-0006,S-008,C-00187,Store,3,389.38,76.6
SO-100042,2025-12-04,P-0028,S-008,C-00187,Store,3,100.98,55.94
SO-100043,2025-12-14,P-0003,S-009,C-00024,Store,3,92.07,0.0
SO-100043,2025-12-14,P-0029,S-009,C-00024,Store,3,144.95,0.0
SO-100043,2025-12-14,P-0015,S-009,C-00024,Store,5,252.84,0.0
SO-100043,2025-12-14,P-0028,S-009,C-00024,Store,3,100.98,49.31
SO-100044,2026-02-16,P-0019,S-004,C-00238,Online,2,348.85,0.0
SO-100044,2026-02-16,P-0016,S-004,C-00238,Online,5,240.38,0.0
SO-100044,2026-02-16,P-0025,S-004,C-00238,Online,2,102.92,48.68
SO-100045,2025-12-07,P-0011,S-006,C-00326,Store,1,329.61,0.0
SO-100046,2026-03-07,P-0007,S-012,C-00158,Online,5,283.31,0.0
SO-100047,2026-03-18,P-0023,S-001,C-00498,Store,1,109.7,10.56
SO-100047,2026-03-18,P-0009,S-001,C-00498,Store,5,269.72,0.0
SO-100048,2026-03-06,P-0017,S-012,C-00044,Store,2,274.28,0.0
SO-100049,2026-03-11,P-0022,S-010,C-00032,Store,3,391.3,0.0
SO-100049,2026-03-11,P-0005,S-010,C-00032,Store,4,146.8,0.0
SO-100049,2026-03-11,P-0008,S-010,C-00032,Store,3,155.15,0.0
SO-100049,2026-03-11,P-0010,S-010,C-00032,Store,3,69.54,49.8
SO-100050,2026-01-04,P-0004,S-010,C-00056,Online,4,114.76,0.0
SO-100050,2026-01-04,P-0006,S-010,C-00056,Online,4,389.38,189.48
SO-100051,2026-01-23,P-0003,S-008,C-00136,Store,2,92.07,0.0
SO-100052,2026-02-16,P-0007,S-012,C-00309,Online,3,283.31,163.38
SO-100053,2026-03-02,P-0009,S-001,C-00347,Store,1,269.72,0.0
SO-100053,2026-03-02,P-0027,S-001,C-00347,Store,4,32.99,0.0
SO-100053,2026-03-02,P-0006,S-001,C-00347,Store,5,389.38,277.26
SO-100054,2026-01-05,P-0005,S-001,C-00426,Store,4,146.8,0.0
SO-100054,2026-01-05,P-0007,S-001,C-00426,Store,1,283.31,0.0
SO-100055,2026-02-05,P-0007,S-002,C-00012,Online,4,283.31,0.0
SO-100056,2025-12-24,P-0015,S-006,C-00063,Online,1,252.84,41.66
SO-100057,2026-03-12,P-0006,S-007,C-00350,Store,2,389.38,108.41
SO-100057,2026-03-12,P-0012,S-007,C-00350,Store,2,88.99,30.94
SO-100057,2026-03-12,P-0007,S-007,C-00350,Store,2,283.31,0.0
SO-100057,2026-03-12,P-0030,S-007,C-00350,Store,4,28.94,0.0
SO-100058,2026-04-20,P-0005,S-002,C-00144,Store,5,146.8,182.63
SO-100058,2026-04-20,P-0014,S-002,C-00144,Store,5,398.94,0.0
SO-100058,2026-04-20,P-0007,S-002,C-00144,Store,4,283.31,0.0
SO-100058,2026-04-20,P-0021,S-002,C-00144,Store,3,100.14,0.0
SO-100059,2026-04-04,P-0013,S-010,C-00258,Store,1,299.27,0.0
SO-100059,2026-04-04,P-0009,S-010,C-00258,Store,2,269.72,114.44
SO-100059,2026-04-04,P-0006,S-010,C-00258,Store,3,389.38,290.06
SO-100060,2026-04-15,P-0004,S-010,C-00120,Store,2,114.76,48.95
SO-100060,2026-04-15,P-0008,S-010,C-00120,Store,1,155.15,0.0
SO-100061,2026-01-26,P-0006,S-007,C-00182,Store,5,389.38,0.0
SO-100061,2026-01-26,P-0008,S-007,C-00182,Store,3,155.15,0.0
SO-100062,2025-12-08,P-0019,S-006,C-00486,Online,4,348.85,0.0
SO-100062,2025-12-08,P-0007,S-006,C-00486,Online,2,283.31,0.0
SO-100063,2025-12-24,P-0017,S-010,C-00113,Store,4,274.28,256.26
SO-100064,2026-01-21,P-0030,S-006,C-00368,Online,3,28.94,6.91
SO-100064,2026-01-21,P-0026,S-006,C-00368,Online,2,7.84,0.0
SO-100065,2026-04-14,P-0019,S-002,C-00192,Online,3,348.85,85.29
SO-100065,2026-04-14,P-0004,S-002,C-00192,Online,4,114.76,0.0
SO-100065,2026-04-14,P-0011,S-002,C-00192,Online,4,329.61,0.0
SO-100065,2026-04-14,P-0010,S-002,C-00192,Online,2,69.54,0.0
SO-100066,2026-04-23,P-0008,S-010,C-00403,Online,2,155.15,0.0
SO-100066,2026-04-23,P-0022,S-010,C-00403,Online,3,391.3,229.81
SO-100066,2026-04-23,P-0019,S-010,C-00403,Online,5,348.85,0.0
SO-100067,2026-04-25,P-0021,S-010,C-00163,Store,1,100.14,0.0
SO-100067,2026-04-25,P-0019,S-010,C-00163,Store,2,348.85,0.0
SO-100068,2025-12-20,P-0027,S-006,C-00086,Store,3,32.99,0.0
SO-100069,2026-02-06,P-0009,S-012,C-00035,Store,1,269.72,37.13
SO-100069,2026-02-06,P-0026,S-012,C-00035,Store,4,7.84,0.0
SO-100069,2026-02-06,P-0004,S-012,C-00035,Store,4,114.76,0.0
SO-100070,2026-03-07,P-0026,S-007,C-00052,Store,2,7.84,1.02
SO-100070,2026-03-07,P-0028,S-007,C-00052,Store,1,100.98,11.49
SO-100070,2026-03-07,P-0019,S-007,C-00052,Store,1,348.85,29.31
SO-100070,2026-03-07,P-0021,S-007,C-00052,Store,4,100.14,26.04
SO-100071,2025-12-24,P-0023,S-010,C-00458,Store,2,109.7,0.0
SO-100071,2025-12-24,P-0001,S-010,C-00458,Store,4,93.17,26.18
SO-100071,2025-12-24,P-0014,S-010,C-00458,Store,2,398.94,0.0
SO-100071,2025-12-24,P-0021,S-010,C-00458,Store,4,100.14,0.0
SO-100072,2026-04-18,P-0004,S-005,C-00153,Store,4,114.76,0.0
SO-100072,2026-04-18,P-0002,S-005,C-00153,Store,4,42.01,20.53
SO-100073,2026-03-20,P-0007,S-011,C-00321,Store,3,283.31,0.0
SO-100073,2026-03-20,P-0004,S-011,C-00321,Store,4,114.76,0.0
SO-100073,2026-03-20,P-0001,S-011,C-00321,Store,3,93.17,0.0
SO-100073,2026-03-20,P-0006,S-011,C-00321,Store,4,389.38,0.0
SO-100074,2026-05-19,P-0006,S-011,C-00279,Store,3,389.38,68.83
SO-100074,2026-05-19,P-0012,S-011,C-00279,Store,4,88.99,0.0
SO-100074,2026-05-19,P-0029,S-011,C-00279,Store,2,144.95,0.0
SO-100074,2026-05-19,P-0013,S-011,C-00279,Store,5,299.27,299.94
SO-100075,2026-05-20,P-0025,S-011,C-00177,Store,1,102.92,0.0
SO-100075,2026-05-20,P-0019,S-011,C-00177,Store,5,348.85,0.0
SO-100075,2026-05-20,P-0008,S-011,C-00177,Store,5,155.15,0.0
SO-100075,2026-05-20,P-0018,S-011,C-00177,Store,4,176.73,0.0
SO-100076,2026-01-30,P-0017,S-002,C-00203,Store,5,274.28,0.0
SO-100077,2026-04-26,P-0025,S-010,C-00076,Online,4,102.92,101.63
SO-100078,2026-01-24,P-0003,S-003,C-00022,Online,2,92.07,0.0
SO-100078,2026-01-24,P-0022,S-003,C-00022,Online,3,391.3,0.0
SO-100078,2026-01-24,P-0014,S-003,C-00022,Online,1,398.94,64.34
SO-100078,2026-01-24,P-0007,S-003,C-00022,Online,5,283.31,0.0
SO-100079,2026-02-09,P-0004,S-001,C-00403,Store,5,114.76,0.0
SO-100079,2026-02-09,P-0014,S-001,C-00403,Store,1,398.94,0.0
SO-100079,2026-02-09,P-0005,S-001,C-00403,Store,5,146.8,0.0
SO-100079,2026-02-09,P-0019,S-001,C-00403,Store,3,348.85,0.0
SO-100080,2026-02-27,P-0019,S-005,C-00197,Online,2,348.85,54.96
SO-100080,2026-02-27,P-0020,S-005,C-00197,Online,5,241.58,0.0
SO-100080,2026-02-27,P-0016,S-005,C-00197,Online,4,240.38,219.14
SO-100080,2026-02-27,P-0002,S-005,C-00197,Online,3,42.01,0.0
SO-100081,2025-12-13,P-0001,S-005,C-00460,Online,3,93.17,0.0
SO-100081,2025-12-13,P-0011,S-005,C-00460,Online,4,329.61,0.0
SO-100081,2025-12-13,P-0027,S-005,C-00460,Online,1,32.99,0.0
SO-100082,2026-01-28,P-0009,S-012,C-00227,Store,5,269.72,0.0
SO-100082,2026-01-28,P-0024,S-012,C-00227,Store,2,286.61,0.0
SO-100082,2026-01-28,P-0014,S-012,C-00227,Store,4,398.94,0.0
SO-100083,2026-04-12,P-0003,S-001,C-00264,Online,5,92.07,0.0
SO-100083,2026-04-12,P-0010,S-001,C-00264,Online,5,69.54,0.0
SO-100084,2025-12-08,P-0008,S-004,C-00429,Store,1,155.15,0.0
SO-100085,2026-03-03,P-0017,S-005,C-00189,Online,1,274.28,0.0
SO-100085,2026-03-03,P-0013,S-005,C-00189,Online,2,299.27,0.0
SO-100085,2026-03-03,P-0021,S-005,C-00189,Online,5,100.14,0.0
SO-100085,2026-03-03,P-0030,S-005,C-00189,Online,4,28.94,0.0
SO-100086,2026-02-28,P-0010,S-005,C-00384,Store,1,69.54,0.0
SO-100087,2026-01-11,P-0021,S-004,C-00439,Online,2,100.14,26.42
SO-100087,2026-01-11,P-0008,S-004,C-00439,Online,1,155.15,0.0
SO-100088,2026-05-24,P-0020,S-003,C-00332,Store,1,241.58,41.47
SO-100088,2026-05-24,P-0026,S-003,C-00332,Store,3,7.84,0.0
SO-100089,2026-05-31,P-0028,S-007,C-00459,Online,2,100.98,0.0
SO-100089,2026-05-31,P-0012,S-007,C-00459,Online,5,88.99,0.0
SO-100089,2026-05-31,P-0015,S-007,C-00459,Online,4,252.84,0.0
SO-100089,2026-05-31,P-0009,S-007,C-00459,Online,1,269.72,0.0
SO-100090,2026-05-19,P-0010,S-006,C-00288,Online,4,69.54,68.89
SO-100090,2026-05-19,P-0022,S-006,C-00288,Online,3,391.3,0.0
SO-100090,2026-05-19,P-0004,S-006,C-00288,Online,3,114.76,0.0
SO-100091,2026-05-16,P-0029,S-003,C-00265,Store,5,144.95,0.0
SO-100091,2026-05-16,P-0002,S-003,C-00265,Store,3,42.01,0.0
SO-100092,2025-12-07,P-0013,S-005,C-00133,Online,5,299.27,0.0
SO-100092,2025-12-07,P-0024,S-005,C-00133,Online,3,286.61,0.0
SO-100092,2025-12-07,P-0002,S-005,C-00133,Online,2,42.01,0.0
SO-100092,2025-12-07,P-0019,S-005,C-00133,Online,4,348.85,0.0
SO-100093,2026-05-21,P-0027,S-005,C-00433,Store,5,32.99,11.47
SO-100093,2026-05-21,P-0022,S-005,C-00433,Store,2,391.3,0.0
SO-100094,2026-04-23,P-0021,S-003,C-00485,Online,3,100.14,67.38
SO-100094,2026-04-23,P-0003,S-003,C-00485,Online,4,92.07,0.0
SO-100094,2026-04-23,P-0008,S-003,C-00485,Online,3,155.15,0.0
SO-100095,2026-04-29,P-0028,S-002,C-00241,Store,5,100.98,0.0
SO-100096,2026-05-08,P-0028,S-004,C-00257,Store,4,100.98,0.0
SO-100097,2026-03-16,P-0011,S-003,C-00071,Store,5,329.61,0.0
SO-100097,2026-03-16,P-0014,S-003,C-00071,Store,4,398.94,355.02
SO-100098,2026-01-16,P-0011,S-008,C-00171,Online,1,329.61,34.51
SO-100098,2026-01-16,P-0021,S-008,C-00171,Online,2,100.14,0.0
SO-100099,2026-01-10,P-0021,S-002,C-00067,Store,4,100.14,62.79
SO-100099,2026-01-10,P-0014,S-002,C-00067,Store,3,398.94,0.0
SO-100099,2026-01-10,P-0013,S-002,C-00067,Store,3,299.27,0.0
SO-100099,2026-01-10,P-0016,S-002,C-00067,Store,5,240.38,222.77
SO-100100,2026-05-10,P-0010,S-004,C-00356,Online,4,69.54,0.0
SO-100100,2026-05-10,P-0005,S-004,C-00356,Online,3,146.8,94.58
SO-100100,2026-05-10,P-0004,S-004,C-00356,Online,3,114.76,0.0
SO-100101,2026-03-27,P-0014,S-010,C-00269,Online,2,398.94,0.0
SO-100101,2026-03-27,P-0029,S-010,C-00269,Online,4,144.95,0.0
SO-100101,2026-03-27,P-0022,S-010,C-00269,Online,2,391.3,181.08
SO-100102,2026-03-14,P-0007,S-004,C-00373,Store,1,283.31,0.0
SO-100102,2026-03-14,P-0024,S-004,C-00373,Store,2,286.61,110.19
SO-100103,2025-12-10,P-0020,S-011,C-00131,Store,1,241.58,0.0
SO-100104,2026-05-17,P-0014,S-001,C-00354,Online,4,398.94,0.0
SO-100105,2026-04-20,P-0023,S-012,C-00079,Store,1,109.7,0.0
SO-100105,2026-04-20,P-0022,S-012,C-00079,Store,1,391.3,0.0
SO-100106,2026-02-08,P-0027,S-012,C-00071,Online,5,32.99,12.01
SO-100106,2026-02-08,P-0029,S-012,C-00071,Online,1,144.95,0.0
SO-100106,2026-02-08,P-0004,S-012,C-00071,Online,5,114.76,58.87
SO-100106,2026-02-08,P-0017,S-012,C-00071,Online,5,274.28,0.0
SO-100107,2026-03-02,P-0018,S-005,C-00083,Online,4,176.73,0.0
SO-100108,2026-05-26,P-0001,S-006,C-00121,Online,1,93.17,0.0
SO-100109,2026-04-26,P-0025,S-003,C-00487,Online,5,102.92,100.2
SO-100110,2026-02-04,P-0015,S-008,C-00152,Online,2,252.84,0.0
SO-100110,2026-02-04,P-0002,S-008,C-00152,Online,3,42.01,0.0
SO-100110,2026-02-04,P-0004,S-008,C-00152,Online,3,114.76,0.0
SO-100111,2025-12-30,P-0022,S-001,C-00005,Store,2,391.3,0.0
SO-100111,2025-12-30,P-0021,S-001,C-00005,Store,4,100.14,0.0
SO-100112,2026-02-07,P-0006,S-002,C-00191,Online,4,389.38,0.0
SO-100112,2026-02-07,P-0004,S-002,C-00191,Online,3,114.76,0.0
SO-100112,2026-02-07,P-0013,S-002,C-00191,Online,4,299.27,0.0
SO-100113,2026-05-16,P-0023,S-003,C-00058,Online,1,109.7,0.0
SO-100113,2026-05-16,P-0024,S-003,C-00058,Online,2,286.61,133.13
SO-100114,2026-04-03,P-0020,S-011,C-00225,Online,3,241.58,0.0
SO-100114,2026-04-03,P-0013,S-011,C-00225,Online,2,299.27,0.0
SO-100115,2026-04-04,P-0003,S-007,C-00226,Store,3,92.07,0.0
SO-100116,2025-12-04,P-0022,S-011,C-00269,Online,3,391.3,0.0
SO-100116,2025-12-04,P-0028,S-011,C-00269,Online,5,100.98,92.06
SO-100117,2026-02-02,P-0005,S-011,C-00347,Store,5,146.8,131.15
SO-100117,2026-02-02,P-0027,S-011,C-00347,Store,2,32.99,0.0
SO-100117,2026-02-02,P-0018,S-011,C-00347,Store,4,176.73,0.0
SO-100117,2026-02-02,P-0029,S-011,C-00347,Store,2,144.95,43.0
SO-100118,2026-01-31,P-0018,S-005,C-00026,Store,4,176.73,0.0
SO-100118,2026-01-31,P-0021,S-005,C-00026,Store,2,100.14,27.81
SO-100119,2026-04-26,P-0004,S-008,C-00229,Store,1,114.76,15.2
SO-100119,2026-04-26,P-0016,S-008,C-00229,Store,5,240.38,0.0
SO-100119,2026-04-26,P-0024,S-008,C-00229,Store,1,286.61,0.0
SO-100120,2026-05-08,P-0021,S-009,C-00288,Online,4,100.14,0.0
SO-100120,2026-05-08,P-0022,S-009,C-00288,Online,3,391.3,0.0
SO-100121,2026-01-27,P-0023,S-006,C-00287,Online,1,109.7,19.94
SO-100121,2026-01-27,P-0022,S-006,C-00287,Online,1,391.3,0.0
SO-100121,2026-01-27,P-0012,S-006,C-00287,Online,3,88.99,0.0
SO-100121,2026-01-27,P-0015,S-006,C-00287,Online,3,252.84,0.0
SO-100122,2025-12-12,P-0004,S-008,C-00072,Online,2,114.76,50.6
SO-100122,2025-12-12,P-0009,S-008,C-00072,Online,2,269.72,0.0
SO-100122,2025-12-12,P-0020,S-008,C-00072,Online,2,241.58,0.0
SO-100122,2025-12-12,P-0007,S-008,C-00072,Online,1,283.31,0.0
SO-100123,2025-12-12,P-0025,S-011,C-00302,Online,4,102.92,0.0
SO-100124,2026-04-30,P-0001,S-003,C-00494,Online,5,93.17,0.0
SO-100124,2026-04-30,P-0017,S-003,C-00494,Online,5,274.28,0.0
SO-100124,2026-04-30,P-0024,S-003,C-00494,Online,5,286.61,0.0
SO-100124,2026-04-30,P-0002,S-003,C-00494,Online,2,42.01,0.0
SO-100125,2026-01-14,P-0022,S-003,C-00054,Online,5,391.3,0.0
SO-100125,2026-01-14,P-0020,S-003,C-00054,Online,4,241.58,0.0
SO-100125,2026-01-14,P-0029,S-003,C-00054,Online,2,144.95,70.36
SO-100125,2026-01-14,P-0011,S-003,C-00054,Online,3,329.61,0.0
SO-100126,2026-01-04,P-0027,S-010,C-00359,Store,3,32.99,0.0
SO-100126,2026-01-04,P-0023,S-010,C-00359,Store,5,109.7,0.0
SO-100126,2026-01-04,P-0018,S-010,C-00359,Store,2,176.73,68.17
SO-100127,2026-05-25,P-0017,S-011,C-00068,Store,3,274.28,0.0
SO-100127,2026-05-25,P-0018,S-011,C-00068,Store,3,176.73,0.0
SO-100128,2026-04-29,P-0022,S-011,C-00364,Store,5,391.3,429.37
SO-100128,2026-04-29,P-0024,S-011,C-00364,Store,1,286.61,0.0
SO-100128,2026-04-29,P-0029,S-011,C-00364,Store,1,144.95,0.0
SO-100128,2026-04-29,P-0027,S-011,C-00364,Store,1,32.99,0.0
SO-100129,2026-01-21,P-0005,S-003,C-00147,Store,3,146.8,69.69
SO-100129,2026-01-21,P-0027,S-003,C-00147,Store,3,32.99,0.0
SO-100129,2026-01-21,P-0002,S-003,C-00147,Store,1,42.01,0.0
SO-100130,2026-05-22,P-0008,S-004,C-00381,Online,3,155.15,0.0
SO-100130,2026-05-22,P-0017,S-004,C-00381,Online,1,274.28,0.0
SO-100130,2026-05-22,P-0026,S-004,C-00381,Online,4,7.84,0.0
SO-100130,2026-05-22,P-0023,S-004,C-00381,Online,3,109.7,0.0
SO-100131,2025-12-14,P-0027,S-005,C-00104,Store,3,32.99,0.0
SO-100131,2025-12-14,P-0008,S-005,C-00104,Store,5,155.15,0.0
SO-100131,2025-12-14,P-0030,S-005,C-00104,Store,2,28.94,0.0
SO-100131,2025-12-14,P-0021,S-005,C-00104,Store,2,100.14,17.12
SO-100132,2026-05-24,P-0013,S-003,C-00377,Store,1,299.27,0.0
SO-100133,2026-04-22,P-0001,S-003,C-00300,Store,2,93.17,43.93
SO-100133,2026-04-22,P-0011,S-003,C-00300,Store,5,329.61,389.72
SO-100133,2026-04-22,P-0015,S-003,C-00300,Store,5,252.84,0.0
SO-100134,2026-02-16,P-0003,S-010,C-00282,Store,3,92.07,0.0
SO-100134,2026-02-16,P-0026,S-010,C-00282,Store,2,7.84,0.0
SO-100134,2026-02-16,P-0023,S-010,C-00282,Store,5,109.7,87.0
SO-100135,2026-03-14,P-0022,S-004,C-00453,Store,3,391.3,0.0
SO-100135,2026-03-14,P-0011,S-004,C-00453,Store,2,329.61,0.0
SO-100136,2026-05-08,P-0004,S-009,C-00422,Store,3,114.76,0.0
SO-100137,2026-05-14,P-0022,S-010,C-00125,Online,3,391.3,0.0
SO-100138,2025-12-30,P-0001,S-009,C-00371,Store,3,93.17,0.0
SO-100138,2025-12-30,P-0030,S-009,C-00371,Store,5,28.94,0.0
SO-100138,2025-12-30,P-0017,S-009,C-00371,Store,1,274.28,49.45
SO-100139,2026-02-21,P-0021,S-002,C-00086,Store,1,100.14,17.61
SO-100140,2026-01-24,P-0007,S-007,C-00428,Online,5,283.31,0.0
SO-100141,2026-03-22,P-0001,S-002,C-00383,Online,3,93.17,18.07
SO-100141,2026-03-22,P-0015,S-002,C-00383,Online,2,252.84,0.0
SO-100142,2026-04-22,P-0014,S-004,C-00467,Store,4,398.94,0.0
SO-100142,2026-04-22,P-0013,S-004,C-00467,Store,1,299.27,0.0
SO-100142,2026-04-22,P-0015,S-004,C-00467,Store,1,252.84,0.0
SO-100143,2026-05-14,P-0023,S-002,C-00388,Online,1,109.7,0.0
SO-100144,2026-04-08,P-0010,S-011,C-00155,Store,4,69.54,0.0
SO-100145,2026-05-19,P-0005,S-003,C-00274,Store,4,146.8,0.0
SO-100145,2026-05-19,P-0024,S-003,C-00274,Store,5,286.61,253.38
SO-100146,2026-02-15,P-0001,S-012,C-00332,Online,5,93.17,27.18
SO-100146,2026-02-15,P-0018,S-012,C-00332,Online,5,176.73,0.0
SO-100146,2026-02-15,P-0028,S-012,C-00332,Online,5,100.98,0.0
SO-100147,2025-12-22,P-0007,S-012,C-00380,Store,5,283.31,122.95
SO-100147,2025-12-22,P-0014,S-012,C-00380,Store,5,398.94,0.0
SO-100147,2025-12-22,P-0029,S-012,C-00380,Store,2,144.95,53.4
SO-100148,2026-04-25,P-0010,S-009,C-00237,Online,1,69.54,6.22
SO-100149,2026-04-28,P-0022,S-006,C-00183,Store,2,391.3,136.1
SO-100149,2026-04-28,P-0021,S-006,C-00183,Store,2,100.14,0.0
SO-100150,2026-03-26,P-0019,S-011,C-00157,Store,3,348.85,0.0
SO-100150,2026-03-26,P-0012,S-011,C-00157,Store,2,88.99,17.66
SO-100151,2026-01-26,P-0027,S-011,C-00224,Online,3,32.99,0.0
SO-100151,2026-01-26,P-0012,S-011,C-00224,Online,4,88.99,0.0
SO-100151,2026-01-26,P-0005,S-011,C-00224,Online,3,146.8,0.0
SO-100152,2025-12-28,P-0028,S-010,C-00042,Store,5,100.98,99.32
SO-100152,2025-12-28,P-0027,S-010,C-00042,Store,1,32.99,0.0
SO-100152,2025-12-28,P-0005,S-010,C-00042,Store,1,146.8,0.0
SO-100153,2026-05-11,P-0025,S-010,C-00297,Store,1,102.92,0.0
SO-100153,2026-05-11,P-0019,S-010,C-00297,Store,5,348.85,0.0
SO-100153,2026-05-11,P-0007,S-010,C-00297,Store,5,283.31,0.0
SO-100153,2026-05-11,P-0030,S-010,C-00297,Store,2,28.94,0.0
SO-100154,2026-01-27,P-0005,S-010,C-00376,Online,5,146.8,90.12
SO-100154,2026-01-27,P-0015,S-010,C-00376,Online,1,252.84,0.0
SO-100154,2026-01-27,P-0017,S-010,C-00376,Online,5,274.28,0.0
SO-100155,2026-04-11,P-0024,S-003,C-00092,Store,3,286.61,173.94
SO-100155,2026-04-11,P-0016,S-003,C-00092,Store,2,240.38,59.56
SO-100156,2025-12-11,P-0013,S-009,C-00465,Online,4,299.27,0.0
SO-100156,2025-12-11,P-0016,S-009,C-00465,Online,1,240.38,0.0
SO-100156,2025-12-11,P-0030,S-009,C-00465,Online,3,28.94,21.16
SO-100157,2026-05-12,P-0013,S-012,C-00135,Online,4,299.27,0.0
SO-100157,2026-05-12,P-0021,S-012,C-00135,Online,1,100.14,0.0
SO-100158,2026-03-07,P-0012,S-004,C-00265,Online,4,88.99,0.0
SO-100158,2026-03-07,P-0027,S-004,C-00265,Online,1,32.99,0.0
SO-100158,2026-03-07,P-0028,S-004,C-00265,Online,2,100.98,0.0
SO-100158,2026-03-07,P-0016,S-004,C-00265,Online,2,240.38,85.91
SO-100159,2026-01-24,P-0022,S-003,C-00186,Store,2,391.3,0.0
SO-100160,2026-02-23,P-0016,S-008,C-00346,Online,4,240.38,56.37
SO-100160,2026-02-23,P-0007,S-008,C-00346,Online,5,283.31,0.0
SO-100160,2026-02-23,P-0019,S-008,C-00346,Online,2,348.85,0.0
SO-100160,2026-02-23,P-0006,S-008,C-00346,Online,1,389.38,0.0
SO-100161,2026-01-07,P-0017,S-005,C-00473,Store,5,274.28,0.0
SO-100161,2026-01-07,P-0013,S-005,C-00473,Store,1,299.27,0.0
SO-100162,2026-05-19,P-0020,S-002,C-00111,Online,2,241.58,0.0
SO-100162,2026-05-19,P-0016,S-002,C-00111,Online,5,240.38,200.15
SO-100162,2026-05-19,P-0028,S-002,C-00111,Online,2,100.98,0.0
SO-100162,2026-05-19,P-0006,S-002,C-00111,Online,5,389.38,379.33
SO-100163,2026-02-26,P-0008,S-010,C-00303,Online,4,155.15,0.0
SO-100164,2025-12-28,P-0027,S-009,C-00441,Store,2,32.99,0.0
SO-100164,2025-12-28,P-0005,S-009,C-00441,Store,5,146.8,0.0
SO-100164,2025-12-28,P-0020,S-009,C-00441,Store,5,241.58,0.0
SO-100164,2025-12-28,P-0004,S-009,C-00441,Store,1,114.76,20.87
SO-100165,2026-05-04,P-0017,S-001,C-00460,Store,1,274.28,0.0
SO-100165,2026-05-04,P-0014,S-001,C-00460,Store,4,398.94,335.84
SO-100165,2026-05-04,P-0012,S-001,C-00460,Store,4,88.99,0.0
SO-100165,2026-05-04,P-0028,S-001,C-00460,Store,5,100.98,38.76
SO-100166,2026-04-02,P-0009,S-002,C-00146,Online,1,269.72,0.0
SO-100166,2026-04-02,P-0007,S-002,C-00146,Online,1,283.31,0.0
SO-100166,2026-04-02,P-0001,S-002,C-00146,Online,4,93.17,0.0
SO-100166,2026-04-02,P-0023,S-002,C-00146,Online,3,109.7,0.0
SO-100167,2025-12-28,P-0009,S-011,C-00300,Store,4,269.72,0.0
SO-100167,2025-12-28,P-0028,S-011,C-00300,Store,5,100.98,93.97
SO-100167,2025-12-28,P-0018,S-011,C-00300,Store,2,176.73,0.0
SO-100168,2026-04-22,P-0009,S-006,C-00287,Store,4,269.72,0.0
SO-100168,2026-04-22,P-0010,S-006,C-00287,Store,1,69.54,0.0
SO-100168,2026-04-22,P-0019,S-006,C-00287,Store,4,348.85,0.0
SO-100168,2026-04-22,P-0012,S-006,C-00287,Store,2,88.99,26.99
SO-100169,2026-02-25,P-0006,S-010,C-00357,Online,4,389.38,0.0
SO-100170,2025-12-02,P-0003,S-003,C-00242,Online,1,92.07,0.0
SO-100170,2025-12-02,P-0009,S-003,C-00242,Online,4,269.72,0.0
SO-100170,2025-12-02,P-0008,S-003,C-00242,Online,4,155.15,0.0
SO-100170,2025-12-02,P-0012,S-003,C-00242,Online,5,88.99,107.99
SO-100171,2025-12-15,P-0015,S-003,C-00328,Online,5,252.84,71.71
SO-100171,2025-12-15,P-0001,S-003,C-00328,Online,5,93.17,0.0
SO-100171,2025-12-15,P-0007,S-003,C-00328,Online,2,283.31,0.0
SO-100171,2025-12-15,P-0028,S-003,C-00328,Online,1,100.98,0.0
SO-100172,2026-05-17,P-0025,S-003,C-00045,Store,4,102.92,0.0
SO-100172,2026-05-17,P-0013,S-003,C-00045,Store,2,299.27,0.0
SO-100172,2026-05-17,P-0012,S-003,C-00045,Store,1,88.99,0.0
SO-100173,2026-04-20,P-0012,S-009,C-00469,Store,2,88.99,0.0
SO-100173,2026-04-20,P-0027,S-009,C-00469,Store,2,32.99,0.0
SO-100173,2026-04-20,P-0009,S-009,C-00469,Store,4,269.72,0.0
SO-100174,2026-02-05,P-0017,S-009,C-00055,Store,3,274.28,0.0
SO-100175,2025-12-30,P-0023,S-005,C-00449,Online,5,109.7,0.0
SO-100175,2025-12-30,P-0015,S-005,C-00449,Online,2,252.84,0.0
SO-100175,2025-12-30,P-0013,S-005,C-00449,Online,4,299.27,0.0
SO-100176,2026-04-30,P-0003,S-008,C-00060,Online,2,92.07,0.0
SO-100176,2026-04-30,P-0013,S-008,C-00060,Online,2,299.27,0.0
SO-100176,2026-04-30,P-0021,S-008,C-00060,Online,4,100.14,0.0
SO-100177,2026-04-12,P-0008,S-012,C-00427,Store,4,155.15,0.0
SO-100177,2026-04-12,P-0010,S-012,C-00427,Store,3,69.54,49.29
SO-100177,2026-04-12,P-0003,S-012,C-00427,Store,4,92.07,0.0
SO-100178,2026-01-25,P-0016,S-005,C-00094,Online,2,240.38,47.31
SO-100178,2026-01-25,P-0024,S-005,C-00094,Online,3,286.61,77.86
SO-100179,2026-02-02,P-0004,S-006,C-00080,Online,1,114.76,0.0
SO-100180,2026-05-19,P-0028,S-001,C-00392,Store,4,100.98,0.0
SO-100181,2026-02-19,P-0016,S-010,C-00445,Store,5,240.38,113.48
SO-100181,2026-02-19,P-0006,S-010,C-00445,Store,5,389.38,302.06
SO-100181,2026-02-19,P-0025,S-010,C-00445,Store,4,102.92,0.0
SO-100182,2026-04-18,P-0015,S-006,C-00202,Store,5,252.84,0.0
SO-100182,2026-04-18,P-0004,S-006,C-00202,Store,1,114.76,10.58
SO-100183,2026-04-28,P-0006,S-006,C-00314,Store,2,389.38,188.23
SO-100183,2026-04-28,P-0018,S-006,C-00314,Store,3,176.73,0.0
SO-100183,2026-04-28,P-0009,S-006,C-00314,Store,4,269.72,0.0
SO-100184,2026-03-18,P-0009,S-006,C-00187,Online,2,269.72,0.0
SO-100184,2026-03-18,P-0015,S-006,C-00187,Online,2,252.84,0.0
SO-100184,2026-03-18,P-0006,S-006,C-00187,Online,3,389.38,0.0
SO-100184,2026-03-18,P-0019,S-006,C-00187,Online,5,348.85,0.0
SO-100185,2026-03-08,P-0026,S-012,C-00077,Store,4,7.84,7.17
SO-100185,2026-03-08,P-0001,S-012,C-00077,Store,5,93.17,0.0
SO-100185,2026-03-08,P-0006,S-012,C-00077,Store,3,389.38,0.0
SO-100185,2026-03-08,P-0014,S-012,C-00077,Store,3,398.94,265.34
SO-100186,2025-12-13,P-0007,S-012,C-00084,Store,3,283.31,0.0
SO-100187,2026-05-11,P-0012,S-012,C-00172,Store,3,88.99,0.0
SO-100187,2026-05-11,P-0018,S-012,C-00172,Store,4,176.73,157.98
SO-100187,2026-05-11,P-0030,S-012,C-00172,Store,5,28.94,23.9
SO-100188,2026-05-16,P-0022,S-005,C-00182,Store,4,391.3,0.0
SO-100188,2026-05-16,P-0017,S-005,C-00182,Store,4,274.28,0.0
SO-100188,2026-05-16,P-0016,S-005,C-00182,Store,4,240.38,0.0
SO-100189,2026-01-07,P-0014,S-011,C-00414,Online,5,398.94,0.0
SO-100189,2026-01-07,P-0021,S-011,C-00414,Online,1,100.14,11.89
SO-100189,2026-01-07,P-0020,S-011,C-00414,Online,3,241.58,0.0
SO-100190,2026-02-13,P-0009,S-010,C-00331,Online,3,269.72,0.0
SO-100190,2026-02-13,P-0029,S-010,C-00331,Online,5,144.95,0.0
SO-100190,2026-02-13,P-0015,S-010,C-00331,Online,4,252.84,223.35
SO-100190,2026-02-13,P-0025,S-010,C-00331,Online,2,102.92,0.0
SO-100191,2026-05-19,P-0007,S-012,C-00359,Store,2,283.31,0.0
SO-100192,2025-12-25,P-0001,S-008,C-00281,Store,4,93.17,0.0
SO-100193,2025-12-22,P-0021,S-010,C-00080,Store,4,100.14,0.0
SO-100194,2026-02-02,P-0005,S-008,C-00321,Online,2,146.8,53.64
SO-100194,2026-02-02,P-0017,S-008,C-00321,Online,3,274.28,0.0
SO-100195,2026-03-30,P-0018,S-009,C-00479,Online,5,176.73,149.79
SO-100195,2026-03-30,P-0015,S-009,C-00479,Online,5,252.84,0.0
SO-100195,2026-03-30,P-0005,S-009,C-00479,Online,5,146.8,0.0
SO-100196,2026-02-27,P-0015,S-004,C-00413,Store,3,252.84,0.0
SO-100197,2026-02-05,P-0012,S-001,C-00001,Store,4,88.99,0.0
SO-100197,2026-02-05,P-0010,S-001,C-00001,Store,4,69.54,0.0
SO-100198,2026-04-02,P-0020,S-007,C-00409,Store,1,241.58,0.0
SO-100198,2026-04-02,P-0008,S-007,C-00409,Store,2,155.15,0.0
SO-100198,2026-04-02,P-0026,S-007,C-00409,Store,5,7.84,0.0
SO-100199,2026-02-02,P-0027,S-012,C-00331,Store,1,32.99,0.0
SO-100199,2026-02-02,P-0013,S-012,C-00331,Store,2,299.27,0.0
SO-100199,2026-02-02,P-0008,S-012,C-00331,Store,5,155.15,0.0
SO-100199,2026-02-02,P-0009,S-012,C-00331,Store,3,269.72,160.69
SO-100200,2026-02-07,P-0010,S-002,C-00094,Store,4,69.54,0.0
SO-100200,2026-02-07,P-0004,S-002,C-00094,Store,3,114.76,0.0
SO-100201,2026-04-05,P-0018,S-001,C-00078,Store,1,176.73,12.45
SO-100202,2026-02-07,P-0008,S-008,C-00373,Store,1,155.15,23.07
SO-100203,2026-02-26,P-0023,S-008,C-00191,Store,1,109.7,0.0
SO-100203,2026-02-26,P-0026,S-008,C-00191,Store,2,7.84,3.22
SO-100203,2026-02-26,P-0002,S-008,C-00191,Store,1,42.01,0.0
SO-100203,2026-02-26,P-0011,S-008,C-00191,Store,2,329.61,143.91
SO-100204,2026-03-08,P-0013,S-002,C-00499,Online,4,299.27,297.96
SO-100204,2026-03-08,P-0025,S-002,C-00499,Online,2,102.92,0.0
SO-100205,2025-12-25,P-0022,S-004,C-00243,Store,2,391.3,0.0
SO-100205,2025-12-25,P-0010,S-004,C-00243,Store,1,69.54,0.0
SO-100205,2025-12-25,P-0030,S-004,C-00243,Store,5,28.94,0.0
SO-100205,2025-12-25,P-0011,S-004,C-00243,Store,3,329.61,0.0
SO-100206,2026-02-15,P-0004,S-001,C-00443,Store,4,114.76,0.0
SO-100206,2026-02-15,P-0008,S-001,C-00443,Store,2,155.15,0.0
SO-100207,2026-04-29,P-0019,S-004,C-00005,Store,4,348.85,0.0
SO-100208,2026-01-09,P-0016,S-002,C-00128,Store,5,240.38,0.0
SO-100208,2026-01-09,P-0003,S-002,C-00128,Store,1,92.07,16.47
SO-100209,2026-05-29,P-0008,S-002,C-00065,Store,3,155.15,0.0
SO-100209,2026-05-29,P-0011,S-002,C-00065,Store,4,329.61,0.0
SO-100209,2026-05-29,P-0018,S-002,C-00065,Store,1,176.73,0.0
SO-100209,2026-05-29,P-0026,S-002,C-00065,Store,3,7.84,0.0
SO-100210,2026-02-03,P-0018,S-008,C-00362,Online,2,176.73,0.0
SO-100210,2026-02-03,P-0010,S-008,C-00362,Online,5,69.54,0.0
SO-100210,2026-02-03,P-0023,S-008,C-00362,Online,4,109.7,94.9
SO-100210,2026-02-03,P-0016,S-008,C-00362,Online,5,240.38,187.77
SO-100211,2026-03-26,P-0015,S-005,C-00278,Store,5,252.84,0.0
SO-100211,2026-03-26,P-0001,S-005,C-00278,Store,2,93.17,0.0
SO-100211,2026-03-26,P-0025,S-005,C-00278,Store,5,102.92,0.0
SO-100212,2026-05-08,P-0007,S-012,C-00033,Store,5,283.31,151.04
SO-100212,2026-05-08,P-0017,S-012,C-00033,Store,4,274.28,0.0
SO-100212,2026-05-08,P-0022,S-012,C-00033,Store,1,391.3,71.13
SO-100212,2026-05-08,P-0016,S-012,C-00033,Store,1,240.38,0.0
SO-100213,2026-01-03,P-0016,S-001,C-00104,Store,2,240.38,78.94
SO-100214,2026-03-10,P-0002,S-009,C-00320,Online,5,42.01,0.0
SO-100214,2026-03-10,P-0012,S-009,C-00320,Online,1,88.99,0.0
SO-100214,2026-03-10,P-0008,S-009,C-00320,Online,2,155.15,0.0
SO-100215,2025-12-21,P-0018,S-011,C-00032,Store,4,176.73,0.0
SO-100215,2025-12-21,P-0024,S-011,C-00032,Store,1,286.61,0.0
SO-100215,2025-12-21,P-0029,S-011,C-00032,Store,3,144.95,0.0
SO-100216,2025-12-19,P-0017,S-002,C-00484,Online,1,274.28,0.0
SO-100216,2025-12-19,P-0004,S-002,C-00484,Online,5,114.76,0.0
SO-100217,2026-01-19,P-0018,S-004,C-00292,Store,5,176.73,0.0
SO-100217,2026-01-19,P-0024,S-004,C-00292,Store,1,286.61,0.0
SO-100218,2026-04-27,P-0029,S-008,C-00360,Store,2,144.95,0.0
SO-100218,2026-04-27,P-0004,S-008,C-00360,Store,5,114.76,0.0
SO-100218,2026-04-27,P-0006,S-008,C-00360,Store,2,389.38,0.0
SO-100218,2026-04-27,P-0026,S-008,C-00360,Store,5,7.84,0.0
SO-100219,2026-03-01,P-0014,S-009,C-00167,Online,4,398.94,0.0
SO-100219,2026-03-01,P-0025,S-009,C-00167,Online,3,102.92,0.0
SO-100219,2026-03-01,P-0021,S-009,C-00167,Online,5,100.14,0.0
SO-100220,2026-03-07,P-0015,S-012,C-00131,Online,1,252.84,0.0
SO-100220,2026-03-07,P-0013,S-012,C-00131,Online,5,299.27,115.24
SO-100220,2026-03-07,P-0001,S-012,C-00131,Online,3,93.17,69.01
SO-100221,2026-01-24,P-0030,S-001,C-00396,Online,5,28.94,0.0
SO-100221,2026-01-24,P-0018,S-001,C-00396,Online,5,176.73,50.85
SO-100221,2026-01-24,P-0017,S-001,C-00396,Online,3,274.28,84.75
SO-100222,2026-04-29,P-0003,S-005,C-00416,Store,5,92.07,0.0
SO-100222,2026-04-29,P-0019,S-005,C-00416,Store,1,348.85,0.0
SO-100222,2026-04-29,P-0013,S-005,C-00416,Store,4,299.27,257.54
SO-100223,2026-05-26,P-0002,S-002,C-00305,Online,5,42.01,0.0
SO-100223,2026-05-26,P-0024,S-002,C-00305,Online,1,286.61,0.0
SO-100223,2026-05-26,P-0026,S-002,C-00305,Online,3,7.84,0.0
SO-100224,2026-03-22,P-0024,S-002,C-00446,Store,5,286.61,0.0
SO-100224,2026-03-22,P-0021,S-002,C-00446,Store,4,100.14,62.04
SO-100225,2026-02-20,P-0005,S-003,C-00168,Store,4,146.8,0.0
SO-100225,2026-02-20,P-0002,S-003,C-00168,Store,5,42.01,0.0
SO-100226,2025-12-24,P-0005,S-005,C-00403,Store,5,146.8,0.0
SO-100226,2025-12-24,P-0011,S-005,C-00403,Store,5,329.61,0.0
SO-100226,2025-12-24,P-0003,S-005,C-00403,Store,1,92.07,0.0
SO-100226,2025-12-24,P-0016,S-005,C-00403,Store,4,240.38,0.0
SO-100227,2026-01-03,P-0016,S-008,C-00287,Online,5,240.38,208.17
SO-100227,2026-01-03,P-0013,S-008,C-00287,Online,5,299.27,96.26
SO-100228,2026-03-21,P-0022,S-010,C-00046,Store,4,391.3,0.0
SO-100229,2026-02-28,P-0025,S-006,C-00305,Store,3,102.92,37.03
SO-100230,2026-03-24,P-0007,S-008,C-00023,Online,3,283.31,166.33
SO-100230,2026-03-24,P-0022,S-008,C-00023,Online,1,391.3,23.83
SO-100231,2026-05-08,P-0023,S-005,C-00008,Online,3,109.7,0.0
SO-100231,2026-05-08,P-0026,S-005,C-00008,Online,1,7.84,0.0
SO-100231,2026-05-08,P-0004,S-005,C-00008,Online,5,114.76,91.4
SO-100232,2026-02-05,P-0023,S-010,C-00374,Store,1,109.7,0.0
SO-100232,2026-02-05,P-0022,S-010,C-00374,Store,5,391.3,164.47
SO-100233,2026-02-11,P-0002,S-012,C-00317,Store,1,42.01,7.65
SO-100233,2026-02-11,P-0015,S-012,C-00317,Store,3,252.84,0.0
SO-100233,2026-02-11,P-0021,S-012,C-00317,Store,1,100.14,22.7
SO-100234,2026-03-09,P-0029,S-007,C-00261,Store,3,144.95,0.0
SO-100235,2026-05-02,P-0018,S-003,C-00102,Store,1,176.73,27.55
SO-100235,2026-05-02,P-0030,S-003,C-00102,Store,3,28.94,0.0
SO-100235,2026-05-02,P-0023,S-003,C-00102,Store,2,109.7,41.0
SO-100235,2026-05-02,P-0001,S-003,C-00102,Store,3,93.17,0.0
SO-100236,2026-01-30,P-0021,S-009,C-00142,Online,3,100.14,0.0
SO-100237,2025-12-08,P-0011,S-005,C-00116,Online,4,329.61,0.0
SO-100237,2025-12-08,P-0029,S-005,C-00116,Online,1,144.95,0.0
SO-100238,2026-04-13,P-0014,S-010,C-00447,Online,5,398.94,486.92
SO-100238,2026-04-13,P-0008,S-010,C-00447,Online,5,155.15,0.0
SO-100239,2026-04-18,P-0028,S-011,C-00071,Store,3,100.98,0.0
SO-100239,2026-04-18,P-0005,S-011,C-00071,Store,5,146.8,0.0
SO-100240,2026-03-21,P-0011,S-003,C-00336,Online,5,329.61,0.0
SO-100240,2026-03-21,P-0003,S-003,C-00336,Online,1,92.07,20.06
SO-100241,2026-01-07,P-0014,S-006,C-00451,Online,3,398.94,104.83
SO-100241,2026-01-07,P-0010,S-006,C-00451,Online,2,69.54,28.16
SO-100241,2026-01-07,P-0015,S-006,C-00451,Online,5,252.84,0.0
SO-100241,2026-01-07,P-0024,S-006,C-00451,Online,5,286.61,0.0
SO-100242,2026-01-29,P-0012,S-004,C-00352,Store,1,88.99,0.0
SO-100243,2026-04-02,P-0006,S-010,C-00241,Store,4,389.38,0.0
SO-100243,2026-04-02,P-0028,S-010,C-00241,Store,2,100.98,11.4
SO-100243,2026-04-02,P-0013,S-010,C-00241,Store,1,299.27,0.0
SO-100244,2026-03-16,P-0003,S-011,C-00104,Store,4,92.07,0.0
SO-100244,2026-03-16,P-0006,S-011,C-00104,Store,4,389.38,0.0
SO-100245,2026-03-28,P-0020,S-007,C-00208,Online,4,241.58,0.0
SO-100246,2026-03-11,P-0017,S-012,C-00293,Online,1,274.28,0.0
SO-100247,2025-12-11,P-0024,S-004,C-00266,Online,5,286.61,0.0
SO-100247,2025-12-11,P-0002,S-004,C-00266,Online,1,42.01,5.79
SO-100247,2025-12-11,P-0018,S-004,C-00266,Online,3,176.73,0.0
SO-100247,2025-12-11,P-0013,S-004,C-00266,Online,3,299.27,0.0
SO-100248,2026-03-19,P-0015,S-001,C-00354,Store,4,252.84,151.84
SO-100248,2026-03-19,P-0027,S-001,C-00354,Store,2,32.99,0.0
SO-100249,2026-05-28,P-0015,S-007,C-00212,Store,4,252.84,0.0
SO-100249,2026-05-28,P-0001,S-007,C-00212,Store,2,93.17,0.0
SO-100249,2026-05-28,P-0006,S-007,C-00212,Store,1,389.38,73.34
SO-100250,2026-01-11,P-0023,S-002,C-00047,Online,4,109.7,0.0
SO-100251,2025-12-22,P-0013,S-007,C-00373,Store,4,299.27,100.77
SO-100251,2025-12-22,P-0018,S-007,C-00373,Store,3,176.73,0.0
SO-100252,2026-05-18,P-0006,S-003,C-00445,Online,1,389.38,0.0
SO-100252,2026-05-18,P-0025,S-003,C-00445,Online,3,102.92,0.0
SO-100253,2026-03-25,P-0007,S-003,C-00061,Store,5,283.31,0.0
SO-100253,2026-03-25,P-0001,S-003,C-00061,Store,1,93.17,0.0
SO-100254,2026-04-07,P-0008,S-001,C-00312,Store,4,155.15,0.0
SO-100254,2026-04-07,P-0007,S-001,C-00312,Store,4,283.31,192.67
SO-100254,2026-04-07,P-0019,S-001,C-00312,Store,2,348.85,0.0
SO-100254,2026-04-07,P-0022,S-001,C-00312,Store,3,391.3,0.0
SO-100255,2026-04-22,P-0005,S-004,C-00026,Online,3,146.8,97.23
SO-100255,2026-04-22,P-0002,S-004,C-00026,Online,5,42.01,0.0
SO-100256,2026-02-15,P-0014,S-002,C-00026,Store,2,398.94,85.27
SO-100257,2026-05-19,P-0015,S-010,C-00294,Online,5,252.84,0.0
SO-100257,2026-05-19,P-0024,S-010,C-00294,Online,1,286.61,31.49
SO-100258,2026-03-05,P-0027,S-002,C-00389,Online,4,32.99,24.93
SO-100258,2026-03-05,P-0018,S-002,C-00389,Online,3,176.73,0.0
SO-100258,2026-03-05,P-0003,S-002,C-00389,Online,4,92.07,0.0
SO-100258,2026-03-05,P-0010,S-002,C-00389,Online,2,69.54,0.0
SO-100259,2025-12-28,P-0016,S-011,C-00271,Store,5,240.38,0.0
SO-100260,2026-05-30,P-0009,S-010,C-00435,Store,5,269.72,0.0
SO-100260,2026-05-30,P-0017,S-010,C-00435,Store,2,274.28,0.0
SO-100260,2026-05-30,P-0019,S-010,C-00435,Store,4,348.85,0.0
SO-100261,2026-05-11,P-0023,S-003,C-00453,Store,2,109.7,12.02
SO-100261,2026-05-11,P-0010,S-003,C-00453,Store,1,69.54,0.0
SO-100262,2026-01-23,P-0011,S-007,C-00212,Online,3,329.61,0.0
SO-100263,2026-05-13,P-0009,S-011,C-00104,Store,3,269.72,0.0
SO-100263,2026-05-13,P-0026,S-011,C-00104,Store,5,7.84,0.0
SO-100263,2026-05-13,P-0003,S-011,C-00104,Store,1,92.07,10.74
SO-100264,2026-03-12,P-0027,S-010,C-00492,Online,2,32.99,14.3
SO-100265,2026-05-22,P-0021,S-008,C-00409,Store,2,100.14,0.0
SO-100266,2026-05-10,P-0015,S-009,C-00459,Store,4,252.84,0.0
SO-100266,2026-05-10,P-0026,S-009,C-00459,Store,1,7.84,0.0
SO-100266,2026-05-10,P-0027,S-009,C-00459,Store,3,32.99,0.0
SO-100267,2026-05-23,P-0019,S-009,C-00010,Store,3,348.85,0.0
SO-100267,2026-05-23,P-0022,S-009,C-00010,Store,3,391.3,93.75
SO-100268,2025-12-08,P-0019,S-007,C-00321,Store,4,348.85,102.38
SO-100268,2025-12-08,P-0020,S-007,C-00321,Store,3,241.58,0.0
SO-100269,2026-02-19,P-0016,S-005,C-00212,Online,2,240.38,0.0
SO-100270,2026-02-16,P-0012,S-005,C-00090,Store,1,88.99,0.0
SO-100271,2025-12-24,P-0029,S-001,C-00410,Store,3,144.95,0.0
SO-100271,2025-12-24,P-0017,S-001,C-00410,Store,5,274.28,0.0
SO-100271,2025-12-24,P-0005,S-001,C-00410,Store,3,146.8,98.81
SO-100271,2025-12-24,P-0007,S-001,C-00410,Store,5,283.31,0.0
SO-100272,2026-01-03,P-0023,S-001,C-00236,Store,1,109.7,0.0
SO-100272,2026-01-03,P-0028,S-001,C-00236,Store,1,100.98,0.0
SO-100272,2026-01-03,P-0017,S-001,C-00236,Store,5,274.28,0.0
SO-100272,2026-01-03,P-0004,S-001,C-00236,Store,3,114.76,0.0
SO-100273,2025-12-12,P-0001,S-011,C-00382,Store,3,93.17,0.0
SO-100273,2025-12-12,P-0019,S-011,C-00382,Store,2,348.85,0.0
SO-100273,2025-12-12,P-0025,S-011,C-00382,Store,2,102.92,32.2
SO-100274,2026-03-23,P-0009,S-005,C-00077,Online,1,269.72,0.0
SO-100274,2026-03-23,P-0004,S-005,C-00077,Online,5,114.76,0.0
SO-100275,2026-01-22,P-0005,S-009,C-00164,Store,3,146.8,0.0
SO-100275,2026-01-22,P-0023,S-009,C-00164,Store,2,109.7,37.88
SO-100275,2026-01-22,P-0026,S-009,C-00164,Store,3,7.84,0.0
SO-100276,2025-12-13,P-0004,S-008,C-00463,Store,4,114.76,62.1
SO-100277,2026-01-15,P-0020,S-010,C-00323,Online,2,241.58,0.0
SO-100277,2026-01-15,P-0012,S-010,C-00323,Online,5,88.99,104.37
SO-100277,2026-01-15,P-0010,S-010,C-00323,Online,4,69.54,0.0
SO-100277,2026-01-15,P-0011,S-010,C-00323,Online,1,329.61,0.0
SO-100278,2026-05-28,P-0016,S-008,C-00159,Store,5,240.38,147.46
SO-100278,2026-05-28,P-0008,S-008,C-00159,Store,2,155.15,0.0
SO-100278,2026-05-28,P-0005,S-008,C-00159,Store,3,146.8,0.0
SO-100278,2026-05-28,P-0028,S-008,C-00159,Store,3,100.98,0.0
SO-100279,2025-12-08,P-0015,S-002,C-00180,Store,3,252.84,0.0
SO-100279,2025-12-08,P-0028,S-002,C-00180,Store,2,100.98,0.0
SO-100279,2025-12-08,P-0006,S-002,C-00180,Store,4,389.38,0.0
SO-100279,2025-12-08,P-0010,S-002,C-00180,Store,1,69.54,0.0
SO-100280,2026-05-16,P-0013,S-005,C-00273,Store,5,299.27,122.41
SO-100280,2026-05-16,P-0019,S-005,C-00273,Store,4,348.85,0.0
SO-100280,2026-05-16,P-0014,S-005,C-00273,Store,3,398.94,225.97
SO-100280,2026-05-16,P-0008,S-005,C-00273,Store,4,155.15,0.0
SO-100281,2026-03-22,P-0006,S-006,C-00279,Store,1,389.38,0.0
SO-100281,2026-03-22,P-0022,S-006,C-00279,Store,5,391.3,0.0
SO-100282,2025-12-30,P-0027,S-008,C-00167,Store,4,32.99,31.83
SO-100283,2025-12-18,P-0011,S-011,C-00417,Store,1,329.61,70.34
SO-100283,2025-12-18,P-0016,S-011,C-00417,Store,5,240.38,0.0
SO-100283,2025-12-18,P-0021,S-011,C-00417,Store,1,100.14,0.0
SO-100283,2025-12-18,P-0022,S-011,C-00417,Store,2,391.3,0.0
SO-100284,2026-02-13,P-0007,S-010,C-00229,Store,3,283.31,177.52
SO-100284,2026-02-13,P-0022,S-010,C-00229,Store,3,391.3,0.0
SO-100285,2026-03-22,P-0020,S-006,C-00046,Online,5,241.58,0.0
SO-100286,2026-01-02,P-0001,S-001,C-00190,Online,5,93.17,0.0
SO-100287,2026-03-02,P-0008,S-005,C-00444,Store,4,155.15,0.0
SO-100288,2026-03-11,P-0013,S-012,C-00196,Online,2,299.27,0.0
SO-100288,2026-03-11,P-0014,S-012,C-00196,Online,2,398.94,0.0
SO-100288,2026-03-11,P-0018,S-012,C-00196,Online,3,176.73,0.0
SO-100288,2026-03-11,P-0007,S-012,C-00196,Online,2,283.31,127.23
SO-100289,2026-01-02,P-0005,S-002,C-00332,Store,4,146.8,0.0
SO-100290,2026-01-04,P-0028,S-011,C-00413,Store,5,100.98,0.0
SO-100290,2026-01-04,P-0015,S-011,C-00413,Store,5,252.84,192.01
SO-100290,2026-01-04,P-0029,S-011,C-00413,Store,5,144.95,0.0
SO-100290,2026-01-04,P-0026,S-011,C-00413,Store,4,7.84,0.0
SO-100291,2026-01-17,P-0028,S-001,C-00296,Store,5,100.98,118.81
SO-100291,2026-01-17,P-0024,S-001,C-00296,Store,5,286.61,0.0
SO-100291,2026-01-17,P-0008,S-001,C-00296,Store,1,155.15,0.0
SO-100291,2026-01-17,P-0023,S-001,C-00296,Store,3,109.7,48.15
SO-100292,2026-05-26,P-0015,S-012,C-00375,Store,5,252.84,0.0
SO-100292,2026-05-26,P-0017,S-012,C-00375,Store,1,274.28,48.31
SO-100292,2026-05-26,P-0003,S-012,C-00375,Store,1,92.07,0.0
SO-100293,2026-04-18,P-0029,S-005,C-00314,Online,3,144.95,0.0
SO-100294,2025-12-03,P-0019,S-009,C-00464,Store,3,348.85,0.0
SO-100294,2025-12-03,P-0024,S-009,C-00464,Store,3,286.61,49.07
SO-100294,2025-12-03,P-0011,S-009,C-00464,Store,5,329.61,0.0
SO-100294,2025-12-03,P-0014,S-009,C-00464,Store,5,398.94,350.79
SO-100295,2026-04-28,P-0026,S-001,C-00337,Store,1,7.84,0.52
SO-100295,2026-04-28,P-0024,S-001,C-00337,Store,5,286.61,296.29
SO-100295,2026-04-28,P-0020,S-001,C-00337,Store,3,241.58,76.96
SO-100296,2026-02-04,P-0030,S-002,C-00310,Store,2,28.94,0.0
SO-100296,2026-02-04,P-0019,S-002,C-00310,Store,3,348.85,0.0
SO-100297,2026-02-05,P-0026,S-004,C-00249,Online,1,7.84,0.0
SO-100297,2026-02-05,P-0017,S-004,C-00249,Online,1,274.28,0.0
SO-100298,2026-05-02,P-0025,S-003,C-00429,Online,4,102.92,0.0
SO-100298,2026-05-02,P-0014,S-003,C-00429,Online,2,398.94,157.08
SO-100298,2026-05-02,P-0013,S-003,C-00429,Online,3,299.27,92.37
SO-100298,2026-05-02,P-0008,S-003,C-00429,Online,1,155.15,22.16
SO-100299,2026-04-01,P-0013,S-012,C-00486,Store,4,299.27,0.0
SO-100299,2026-04-01,P-0022,S-012,C-00486,Store,2,391.3,0.0
SO-100300,2026-03-22,P-0017,S-008,C-00196,Store,1,274.28,0.0
SO-100300,2026-03-22,P-0022,S-008,C-00196,Store,3,391.3,0.0
SO-100300,2026-03-22,P-0002,S-008,C-00196,Store,4,42.01,0.0
SO-100301,2026-05-16,P-0026,S-006,C-00139,Online,5,7.84,0.0
SO-100301,2026-05-16,P-0004,S-006,C-00139,Online,2,114.76,0.0
SO-100301,2026-05-16,P-0009,S-006,C-00139,Online,5,269.72,0.0
SO-100302,2026-04-13,P-0018,S-012,C-00093,Store,1,176.73,0.0
SO-100302,2026-04-13,P-0001,S-012,C-00093,Store,1,93.17,0.0
SO-100302,2026-04-13,P-0022,S-012,C-00093,Store,5,391.3,272.32
SO-100303,2026-01-26,P-0001,S-005,C-00099,Online,5,93.17,110.73
SO-100304,2026-05-18,P-0023,S-004,C-00487,Online,1,109.7,18.75
SO-100305,2026-03-07,P-0029,S-011,C-00290,Online,2,144.95,41.57
SO-100305,2026-03-07,P-0004,S-011,C-00290,Online,1,114.76,0.0
SO-100306,2026-02-09,P-0009,S-012,C-00463,Online,1,269.72,16.85
SO-100306,2026-02-09,P-0006,S-012,C-00463,Online,4,389.38,0.0
SO-100306,2026-02-09,P-0025,S-012,C-00463,Online,1,102.92,21.88
SO-100307,2026-01-15,P-0020,S-008,C-00476,Store,2,241.58,0.0
SO-100307,2026-01-15,P-0013,S-008,C-00476,Store,1,299.27,60.97
SO-100308,2026-01-25,P-0023,S-002,C-00468,Online,1,109.7,21.45
SO-100308,2026-01-25,P-0009,S-002,C-00468,Online,4,269.72,161.34
SO-100308,2026-01-25,P-0004,S-002,C-00468,Online,1,114.76,0.0
SO-100308,2026-01-25,P-0002,S-002,C-00468,Online,4,42.01,31.93
SO-100309,2026-03-11,P-0016,S-009,C-00363,Store,1,240.38,0.0
SO-100309,2026-03-11,P-0014,S-009,C-00363,Store,1,398.94,0.0
SO-100309,2026-03-11,P-0013,S-009,C-00363,Store,4,299.27,188.01
SO-100309,2026-03-11,P-0028,S-009,C-00363,Store,3,100.98,0.0
SO-100310,2026-02-16,P-0012,S-011,C-00491,Store,5,88.99,0.0
SO-100311,2026-02-26,P-0021,S-008,C-00390,Store,5,100.14,63.51
SO-100311,2026-02-26,P-0007,S-008,C-00390,Store,2,283.31,72.54
SO-100311,2026-02-26,P-0006,S-008,C-00390,Store,1,389.38,0.0
SO-100312,2026-03-02,P-0005,S-011,C-00225,Store,2,146.8,73.19
SO-100312,2026-03-02,P-0002,S-011,C-00225,Store,2,42.01,0.0
SO-100313,2025-12-17,P-0018,S-011,C-00158,Online,1,176.73,10.82
SO-100313,2025-12-17,P-0027,S-011,C-00158,Online,1,32.99,0.0
SO-100313,2025-12-17,P-0026,S-011,C-00158,Online,2,7.84,0.0
SO-100313,2025-12-17,P-0015,S-011,C-00158,Online,5,252.84,0.0
SO-100314,2026-05-23,P-0030,S-009,C-00077,Online,1,28.94,0.0
SO-100314,2026-05-23,P-0003,S-009,C-00077,Online,4,92.07,0.0
SO-100315,2026-03-31,P-0023,S-010,C-00024,Online,2,109.7,38.73
SO-100315,2026-03-31,P-0021,S-010,C-00024,Online,3,100.14,0.0
SO-100316,2025-12-25,P-0027,S-003,C-00428,Store,1,32.99,5.58
SO-100317,2026-05-07,P-0026,S-004,C-00219,Store,4,7.84,0.0
SO-100317,2026-05-07,P-0027,S-004,C-00219,Store,5,32.99,0.0
SO-100317,2026-05-07,P-0024,S-004,C-00219,Store,3,286.61,0.0
SO-100318,2026-01-24,P-0003,S-010,C-00089,Online,2,92.07,0.0
SO-100318,2026-01-24,P-0004,S-010,C-00089,Online,2,114.76,0.0
SO-100318,2026-01-24,P-0009,S-010,C-00089,Online,5,269.72,133.15
SO-100319,2026-04-28,P-0025,S-002,C-00406,Store,4,102.92,21.18
SO-100319,2026-04-28,P-0006,S-002,C-00406,Store,1,389.38,0.0
SO-100319,2026-04-28,P-0001,S-002,C-00406,Store,5,93.17,0.0
SO-100319,2026-04-28,P-0029,S-002,C-00406,Store,4,144.95,0.0
SO-100320,2026-04-01,P-0017,S-004,C-00074,Online,2,274.28,0.0
SO-100320,2026-04-01,P-0015,S-004,C-00074,Online,5,252.84,0.0
SO-100320,2026-04-01,P-0014,S-004,C-00074,Online,5,398.94,299.16
SO-100321,2025-12-23,P-0001,S-005,C-00179,Online,1,93.17,0.0
SO-100321,2025-12-23,P-0018,S-005,C-00179,Online,1,176.73,0.0
SO-100321,2025-12-23,P-0008,S-005,C-00179,Online,5,155.15,0.0
SO-100321,2025-12-23,P-0007,S-005,C-00179,Online,4,283.31,0.0
SO-100322,2026-05-18,P-0026,S-001,C-00100,Store,2,7.84,0.0
SO-100323,2026-04-01,P-0002,S-003,C-00344,Store,3,42.01,17.26
SO-100324,2026-02-24,P-0024,S-008,C-00023,Online,1,286.61,0.0
SO-100325,2026-01-15,P-0003,S-001,C-00249,Store,2,92.07,0.0
SO-100326,2026-05-01,P-0008,S-007,C-00102,Store,3,155.15,45.35
SO-100326,2026-05-01,P-0025,S-007,C-00102,Store,4,102.92,0.0
SO-100326,2026-05-01,P-0004,S-007,C-00102,Store,4,114.76,0.0
SO-100327,2025-12-19,P-0005,S-008,C-00028,Store,4,146.8,73.22
SO-100327,2025-12-19,P-0007,S-008,C-00028,Store,4,283.31,0.0
SO-100327,2025-12-19,P-0030,S-008,C-00028,Store,3,28.94,0.0
SO-100327,2025-12-19,P-0020,S-008,C-00028,Store,2,241.58,0.0
SO-100328,2025-12-09,P-0004,S-001,C-00144,Online,4,114.76,0.0
SO-100328,2025-12-09,P-0028,S-001,C-00144,Online,2,100.98,0.0
SO-100329,2026-01-26,P-0019,S-010,C-00081,Online,2,348.85,154.47
SO-100329,2026-01-26,P-0018,S-010,C-00081,Online,4,176.73,0.0
SO-100330,2026-01-25,P-0024,S-008,C-00143,Store,4,286.61,0.0
SO-100331,2026-02-02,P-0029,S-007,C-00297,Store,5,144.95,0.0
SO-100331,2026-02-02,P-0030,S-007,C-00297,Store,5,28.94,0.0
SO-100332,2026-03-17,P-0014,S-001,C-00241,Online,5,398.94,0.0
SO-100333,2026-05-28,P-0003,S-008,C-00254,Online,1,92.07,0.0
SO-100333,2026-05-28,P-0018,S-008,C-00254,Online,4,176.73,0.0
SO-100334,2026-01-03,P-0001,S-004,C-00332,Store,4,93.17,0.0
SO-100335,2026-01-11,P-0015,S-010,C-00383,Online,4,252.84,0.0
SO-100336,2026-05-30,P-0023,S-006,C-00321,Store,1,109.7,0.0
SO-100336,2026-05-30,P-0021,S-006,C-00321,Store,3,100.14,0.0
SO-100336,2026-05-30,P-0001,S-006,C-00321,Store,3,93.17,0.0
SO-100336,2026-05-30,P-0028,S-006,C-00321,Store,3,100.98,0.0
SO-100337,2026-05-06,P-0020,S-004,C-00404,Store,3,241.58,0.0
SO-100338,2025-12-15,P-0004,S-011,C-00187,Store,4,114.76,0.0
SO-100339,2026-05-08,P-0018,S-006,C-00090,Store,2,176.73,41.35
SO-100340,2026-04-18,P-0025,S-008,C-00378,Store,2,102.92,0.0
SO-100340,2026-04-18,P-0024,S-008,C-00378,Store,3,286.61,0.0
SO-100341,2026-03-19,P-0015,S-002,C-00191,Store,5,252.84,0.0
SO-100341,2026-03-19,P-0016,S-002,C-00191,Store,4,240.38,0.0
SO-100341,2026-03-19,P-0017,S-002,C-00191,Store,5,274.28,0.0
SO-100342,2026-03-26,P-0007,S-011,C-00485,Online,4,283.31,145.21
SO-100343,2026-01-15,P-0009,S-002,C-00056,Store,2,269.72,0.0
SO-100343,2026-01-15,P-0004,S-002,C-00056,Store,2,114.76,0.0
SO-100344,2026-05-10,P-0016,S-007,C-00497,Store,4,240.38,0.0
SO-100344,2026-05-10,P-0012,S-007,C-00497,Store,1,88.99,5.57
SO-100345,2026-01-29,P-0014,S-009,C-00331,Online,3,398.94,0.0
SO-100345,2026-01-29,P-0019,S-009,C-00331,Online,5,348.85,0.0
SO-100345,2026-01-29,P-0011,S-009,C-00331,Online,4,329.61,0.0
SO-100346,2026-04-25,P-0008,S-005,C-00088,Store,3,155.15,0.0
SO-100346,2026-04-25,P-0016,S-005,C-00088,Store,1,240.38,25.69
SO-100346,2026-04-25,P-0012,S-005,C-00088,Store,2,88.99,0.0
SO-100347,2026-01-11,P-0027,S-005,C-00094,Online,2,32.99,4.84
SO-100347,2026-01-11,P-0023,S-005,C-00094,Online,3,109.7,0.0
SO-100348,2026-03-23,P-0022,S-003,C-00106,Store,3,391.3,0.0
SO-100349,2026-01-07,P-0018,S-009,C-00500,Store,1,176.73,0.0
SO-100349,2026-01-07,P-0010,S-009,C-00500,Store,4,69.54,0.0
SO-100350,2026-01-07,P-0024,S-006,C-00080,Online,5,286.61,0.0
SO-100351,2026-02-23,P-0025,S-005,C-00243,Online,2,102.92,0.0
SO-100351,2026-02-23,P-0019,S-005,C-00243,Online,4,348.85,0.0
SO-100351,2026-02-23,P-0022,S-005,C-00243,Online,1,391.3,0.0
SO-100352,2025-12-11,P-0001,S-009,C-00060,Store,2,93.17,0.0
SO-100352,2025-12-11,P-0013,S-009,C-00060,Store,1,299.27,0.0
SO-100352,2025-12-11,P-0020,S-009,C-00060,Store,5,241.58,0.0
SO-100353,2026-04-29,P-0003,S-005,C-00101,Store,5,92.07,0.0
SO-100354,2026-05-23,P-0007,S-002,C-00500,Online,5,283.31,0.0
SO-100354,2026-05-23,P-0016,S-002,C-00500,Online,1,240.38,0.0
SO-100354,2026-05-23,P-0011,S-002,C-00500,Online,3,329.61,0.0
SO-100354,2026-05-23,P-0020,S-002,C-00500,Online,4,241.58,0.0
SO-100355,2026-03-06,P-0015,S-006,C-00180,Store,1,252.84,57.54
SO-100355,2026-03-06,P-0028,S-006,C-00180,Store,4,100.98,0.0
SO-100355,2026-03-06,P-0018,S-006,C-00180,Store,3,176.73,103.71
SO-100356,2026-03-19,P-0005,S-007,C-00072,Online,2,146.8,0.0
SO-100357,2026-04-14,P-0003,S-002,C-00478,Online,3,92.07,0.0
SO-100357,2026-04-14,P-0001,S-002,C-00478,Online,5,93.17,0.0
SO-100357,2026-04-14,P-0014,S-002,C-00478,Online,5,398.94,0.0
SO-100357,2026-04-14,P-0021,S-002,C-00478,Online,2,100.14,43.35
SO-100358,2026-02-13,P-0027,S-001,C-00422,Store,4,32.99,0.0
SO-100358,2026-02-13,P-0019,S-001,C-00422,Store,4,348.85,290.58
SO-100358,2026-02-13,P-0010,S-001,C-00422,Store,2,69.54,33.55
SO-100359,2026-05-12,P-0014,S-011,C-00341,Store,2,398.94,161.92
SO-100359,2026-05-12,P-0006,S-011,C-00341,Store,4,389.38,0.0
SO-100359,2026-05-12,P-0016,S-011,C-00341,Store,1,240.38,0.0
SO-100360,2026-03-03,P-0021,S-010,C-00224,Store,1,100.14,0.0
SO-100360,2026-03-03,P-0022,S-010,C-00224,Store,5,391.3,199.38
SO-100360,2026-03-03,P-0016,S-010,C-00224,Store,5,240.38,136.94
SO-100361,2026-05-27,P-0012,S-003,C-00028,Store,3,88.99,28.92
SO-100361,2026-05-27,P-0014,S-003,C-00028,Store,1,398.94,0.0
SO-100361,2026-05-27,P-0021,S-003,C-00028,Store,2,100.14,0.0
SO-100362,2026-05-03,P-0027,S-009,C-00166,Online,3,32.99,18.76
SO-100362,2026-05-03,P-0028,S-009,C-00166,Online,3,100.98,50.29
SO-100362,2026-05-03,P-0022,S-009,C-00166,Online,2,391.3,120.23
SO-100363,2026-03-06,P-0004,S-007,C-00175,Online,2,114.76,0.0
SO-100363,2026-03-06,P-0007,S-007,C-00175,Online,2,283.31,0.0
SO-100364,2026-04-23,P-0014,S-009,C-00434,Online,4,398.94,0.0
SO-100365,2025-12-30,P-0010,S-001,C-00246,Online,2,69.54,0.0
SO-100365,2025-12-30,P-0023,S-001,C-00246,Online,5,109.7,0.0
SO-100365,2025-12-30,P-0012,S-001,C-00246,Online,3,88.99,29.62
SO-100366,2025-12-31,P-0010,S-012,C-00073,Store,2,69.54,9.14
SO-100366,2025-12-31,P-0005,S-012,C-00073,Store,1,146.8,30.08
SO-100367,2026-03-21,P-0016,S-002,C-00017,Store,1,240.38,0.0
SO-100368,2025-12-12,P-0026,S-011,C-00006,Store,1,7.84,0.0
SO-100369,2026-01-22,P-0001,S-004,C-00095,Store,3,93.17,0.0
SO-100369,2026-01-22,P-0003,S-004,C-00095,Store,3,92.07,0.0
SO-100369,2026-01-22,P-0005,S-004,C-00095,Store,5,146.8,0.0
SO-100370,2026-05-06,P-0027,S-010,C-00035,Store,5,32.99,0.0
SO-100371,2026-04-15,P-0006,S-004,C-00494,Store,5,389.38,379.78
SO-100371,2026-04-15,P-0029,S-004,C-00494,Store,2,144.95,0.0
SO-100371,2026-04-15,P-0025,S-004,C-00494,Store,4,102.92,0.0
SO-100372,2026-04-30,P-0006,S-011,C-00491,Store,3,389.38,0.0
SO-100373,2026-03-19,P-0025,S-004,C-00209,Store,3,102.92,22.25
SO-100374,2026-01-04,P-0018,S-006,C-00361,Store,1,176.73,0.0
SO-100374,2026-01-04,P-0024,S-006,C-00361,Store,1,286.61,0.0
SO-100374,2026-01-04,P-0002,S-006,C-00361,Store,4,42.01,0.0
SO-100375,2026-02-18,P-0010,S-008,C-00116,Online,1,69.54,0.0
SO-100375,2026-02-18,P-0028,S-008,C-00116,Online,4,100.98,0.0
SO-100375,2026-02-18,P-0014,S-008,C-00116,Online,3,398.94,298.9
SO-100375,2026-02-18,P-0007,S-008,C-00116,Online,4,283.31,0.0
SO-100376,2026-03-12,P-0004,S-011,C-00347,Store,2,114.76,0.0
SO-100377,2026-05-27,P-0003,S-002,C-00380,Store,2,92.07,0.0
SO-100377,2026-05-27,P-0012,S-002,C-00380,Store,5,88.99,0.0
SO-100378,2026-03-14,P-0009,S-007,C-00372,Store,5,269.72,280.37
SO-100378,2026-03-14,P-0025,S-007,C-00372,Store,4,102.92,0.0
SO-100378,2026-03-14,P-0023,S-007,C-00372,Store,5,109.7,0.0
SO-100378,2026-03-14,P-0019,S-007,C-00372,Store,4,348.85,0.0
SO-100379,2026-01-07,P-0016,S-002,C-00063,Online,2,240.38,94.98
SO-100379,2026-01-07,P-0008,S-002,C-00063,Online,1,155.15,0.0
SO-100379,2026-01-07,P-0021,S-002,C-00063,Online,1,100.14,0.0
SO-100380,2026-03-08,P-0020,S-006,C-00079,Online,1,241.58,0.0
SO-100380,2026-03-08,P-0004,S-006,C-00079,Online,5,114.76,0.0
SO-100380,2026-03-08,P-0025,S-006,C-00079,Online,4,102.92,75.1
SO-100381,2026-04-05,P-0025,S-009,C-00176,Store,1,102.92,0.0
SO-100382,2025-12-31,P-0015,S-006,C-00437,Store,3,252.84,0.0
SO-100382,2025-12-31,P-0002,S-006,C-00437,Store,2,42.01,0.0
SO-100382,2025-12-31,P-0006,S-006,C-00437,Store,2,389.38,0.0
SO-100382,2025-12-31,P-0018,S-006,C-00437,Store,4,176.73,0.0
SO-100383,2025-12-29,P-0016,S-008,C-00338,Store,5,240.38,123.41
SO-100383,2025-12-29,P-0018,S-008,C-00338,Store,5,176.73,0.0
SO-100383,2025-12-29,P-0028,S-008,C-00338,Store,5,100.98,0.0
SO-100383,2025-12-29,P-0006,S-008,C-00338,Store,3,389.38,0.0
SO-100384,2025-12-08,P-0012,S-003,C-00429,Store,5,88.99,101.57
SO-100384,2025-12-08,P-0026,S-003,C-00429,Store,3,7.84,0.0
SO-100384,2025-12-08,P-0024,S-003,C-00429,Store,4,286.61,0.0
SO-100385,2026-03-02,P-0008,S-001,C-00339,Store,3,155.15,0.0
SO-100385,2026-03-02,P-0021,S-001,C-00339,Store,1,100.14,0.0
SO-100386,2025-12-30,P-0002,S-001,C-00276,Store,4,42.01,0.0
SO-100386,2025-12-30,P-0015,S-001,C-00276,Store,4,252.84,191.34
SO-100386,2025-12-30,P-0022,S-001,C-00276,Store,5,391.3,221.68
SO-100387,2026-04-26,P-0004,S-010,C-00051,Store,3,114.76,0.0
SO-100387,2026-04-26,P-0023,S-010,C-00051,Store,3,109.7,36.17
SO-100387,2026-04-26,P-0022,S-010,C-00051,Store,4,391.3,277.18
SO-100387,2026-04-26,P-0007,S-010,C-00051,Store,1,283.31,0.0
SO-100388,2026-04-17,P-0019,S-005,C-00025,Store,2,348.85,0.0
SO-100388,2026-04-17,P-0013,S-005,C-00025,Store,1,299.27,0.0
SO-100388,2026-04-17,P-0026,S-005,C-00025,Store,5,7.84,4.6
SO-100389,2025-12-18,P-0007,S-009,C-00244,Store,3,283.31,0.0
SO-100389,2025-12-18,P-0012,S-009,C-00244,Store,3,88.99,0.0
SO-100389,2025-12-18,P-0026,S-009,C-00244,Store,5,7.84,0.0
SO-100389,2025-12-18,P-0003,S-009,C-00244,Store,4,92.07,0.0
SO-100390,2026-05-09,P-0029,S-011,C-00391,Store,5,144.95,0.0
SO-100390,2026-05-09,P-0001,S-011,C-00391,Store,5,93.17,0.0
SO-100391,2026-05-19,P-0009,S-012,C-00481,Online,5,269.72,0.0
SO-100391,2026-05-19,P-0030,S-012,C-00481,Online,4,28.94,0.0
SO-100391,2026-05-19,P-0021,S-012,C-00481,Online,1,100.14,0.0
SO-100391,2026-05-19,P-0018,S-012,C-00481,Online,3,176.73,0.0
SO-100392,2026-01-31,P-0028,S-011,C-00392,Store,1,100.98,0.0
SO-100392,2026-01-31,P-0014,S-011,C-00392,Store,4,398.94,171.4
SO-100392,2026-01-31,P-0011,S-011,C-00392,Store,2,329.61,112.23
SO-100393,2026-03-14,P-0008,S-003,C-00099,Store,3,155.15,0.0
SO-100394,2026-04-23,P-0007,S-007,C-00332,Online,2,283.31,31.63
SO-100395,2026-02-10,P-0024,S-003,C-00330,Online,4,286.61,0.0
SO-100396,2025-12-15,P-0028,S-002,C-00161,Online,4,100.98,0.0
SO-100396,2025-12-15,P-0003,S-002,C-00161,Online,1,92.07,0.0
SO-100396,2025-12-15,P-0029,S-002,C-00161,Online,2,144.95,47.6
SO-100397,2026-04-08,P-0016,S-009,C-00341,Online,2,240.38,0.0
SO-100397,2026-04-08,P-0029,S-009,C-00341,Online,3,144.95,0.0
SO-100397,2026-04-08,P-0003,S-009,C-00341,Online,5,92.07,0.0
SO-100398,2026-01-30,P-0006,S-004,C-00074,Online,2,389.38,0.0
SO-100399,2026-03-23,P-0018,S-010,C-00029,Store,3,176.73,0.0
SO-100399,2026-03-23,P-0012,S-010,C-00029,Store,4,88.99,0.0
SO-100399,2026-03-23,P-0023,S-010,C-00029,Store,3,109.7,0.0
SO-100399,2026-03-23,P-0004,S-010,C-00029,Store,2,114.76,0.0
SO-100400,2026-03-05,P-0027,S-001,C-00331,Online,1,32.99,0.0
SO-100401,2026-05-21,P-0021,S-009,C-00197,Store,1,100.14,0.0
SO-100401,2026-05-21,P-0023,S-009,C-00197,Store,2,109.7,0.0
SO-100401,2026-05-21,P-0012,S-009,C-00197,Store,4,88.99,86.2
SO-100402,2026-02-04,P-0028,S-004,C-00153,Store,2,100.98,0.0
SO-100402,2026-02-04,P-0029,S-004,C-00153,Store,3,144.95,0.0
SO-100403,2026-05-14,P-0027,S-001,C-00141,Store,4,32.99,0.0
SO-100404,2026-03-16,P-0029,S-006,C-00368,Online,2,144.95,0.0
SO-100404,2026-03-16,P-0030,S-006,C-00368,Online,5,28.94,19.41
SO-100404,2026-03-16,P-0027,S-006,C-00368,Online,5,32.99,0.0
SO-100404,2026-03-16,P-0004,S-006,C-00368,Online,4,114.76,0.0
SO-100405,2025-12-14,P-0026,S-003,C-00323,Online,4,7.84,3.48
SO-100405,2025-12-14,P-0021,S-003,C-00323,Online,5,100.14,40.84
SO-100405,2025-12-14,P-0005,S-003,C-00323,Online,5,146.8,0.0
SO-100405,2025-12-14,P-0001,S-003,C-00323,Online,2,93.17,0.0
SO-100406,2026-05-25,P-0028,S-006,C-00232,Store,2,100.98,0.0
SO-100406,2026-05-25,P-0024,S-006,C-00232,Store,3,286.61,0.0
SO-100406,2026-05-25,P-0005,S-006,C-00232,Store,2,146.8,36.27
SO-100406,2026-05-25,P-0009,S-006,C-00232,Store,4,269.72,0.0
SO-100407,2026-04-26,P-0030,S-001,C-00473,Store,4,28.94,22.02
SO-100407,2026-04-26,P-0003,S-001,C-00473,Store,2,92.07,31.97
SO-100408,2026-05-03,P-0006,S-002,C-00491,Store,1,389.38,0.0
SO-100408,2026-05-03,P-0019,S-002,C-00491,Store,4,348.85,0.0
SO-100408,2026-05-03,P-0004,S-002,C-00491,Store,4,114.76,0.0
SO-100409,2026-04-06,P-0028,S-012,C-00105,Store,3,100.98,45.09
SO-100409,2026-04-06,P-0027,S-012,C-00105,Store,2,32.99,0.0
SO-100410,2026-01-22,P-0014,S-005,C-00373,Online,4,398.94,0.0
SO-100410,2026-01-22,P-0006,S-005,C-00373,Online,1,389.38,39.86
SO-100411,2026-05-08,P-0003,S-004,C-00190,Store,3,92.07,0.0
SO-100411,2026-05-08,P-0001,S-004,C-00190,Store,4,93.17,0.0
SO-100411,2026-05-08,P-0016,S-004,C-00190,Store,4,240.38,0.0
SO-100411,2026-05-08,P-0005,S-004,C-00190,Store,5,146.8,50.69
SO-100412,2025-12-16,P-0020,S-004,C-00242,Store,5,241.58,0.0
SO-100412,2025-12-16,P-0022,S-004,C-00242,Store,1,391.3,59.05
SO-100412,2025-12-16,P-0026,S-004,C-00242,Store,4,7.84,0.0
SO-100413,2026-03-12,P-0019,S-003,C-00496,Online,2,348.85,105.18
SO-100414,2026-02-25,P-0023,S-003,C-00046,Online,2,109.7,24.72
SO-100414,2026-02-25,P-0017,S-003,C-00046,Online,2,274.28,0.0
SO-100414,2026-02-25,P-0014,S-003,C-00046,Online,3,398.94,0.0
SO-100415,2026-03-21,P-0017,S-005,C-00314,Store,2,274.28,0.0
SO-100415,2026-03-21,P-0011,S-005,C-00314,Store,4,329.61,0.0
SO-100415,2026-03-21,P-0014,S-005,C-00314,Store,2,398.94,0.0
SO-100416,2026-05-18,P-0005,S-008,C-00028,Online,2,146.8,42.29
SO-100416,2026-05-18,P-0002,S-008,C-00028,Online,2,42.01,0.0
SO-100417,2026-03-22,P-0012,S-008,C-00021,Store,4,88.99,0.0
SO-100417,2026-03-22,P-0023,S-008,C-00021,Store,2,109.7,15.08
SO-100417,2026-03-22,P-0018,S-008,C-00021,Store,3,176.73,44.36
SO-100417,2026-03-22,P-0016,S-008,C-00021,Store,5,240.38,0.0
SO-100418,2026-04-24,P-0017,S-010,C-00109,Online,5,274.28,321.02
SO-100419,2026-02-02,P-0001,S-011,C-00049,Online,1,93.17,0.0
SO-100419,2026-02-02,P-0010,S-011,C-00049,Online,5,69.54,0.0
SO-100419,2026-02-02,P-0022,S-011,C-00049,Online,1,391.3,0.0
SO-100420,2026-01-09,P-0015,S-008,C-00426,Store,1,252.84,0.0
SO-100420,2026-01-09,P-0021,S-008,C-00426,Store,1,100.14,0.0
SO-100420,2026-01-09,P-0009,S-008,C-00426,Store,4,269.72,0.0
SO-100420,2026-01-09,P-0020,S-008,C-00426,Store,5,241.58,268.95
SO-100421,2026-05-14,P-0018,S-001,C-00381,Store,5,176.73,0.0
SO-100422,2026-03-13,P-0003,S-004,C-00495,Store,2,92.07,0.0
SO-100422,2026-03-13,P-0001,S-004,C-00495,Store,4,93.17,74.73
SO-100422,2026-03-13,P-0028,S-004,C-00495,Store,2,100.98,29.92
SO-100422,2026-03-13,P-0007,S-004,C-00495,Store,4,283.31,0.0
SO-100423,2026-02-18,P-0022,S-010,C-00068,Online,3,391.3,0.0
SO-100423,2026-02-18,P-0004,S-010,C-00068,Online,4,114.76,0.0
SO-100423,2026-02-18,P-0027,S-010,C-00068,Online,4,32.99,0.0
SO-100424,2026-04-24,P-0026,S-002,C-00388,Online,4,7.84,0.0
SO-100424,2026-04-24,P-0012,S-002,C-00388,Online,1,88.99,10.53
SO-100424,2026-04-24,P-0020,S-002,C-00388,Online,4,241.58,0.0
SO-100424,2026-04-24,P-0006,S-002,C-00388,Online,2,389.38,0.0
SO-100425,2026-04-14,P-0015,S-009,C-00043,Online,4,252.84,0.0
SO-100425,2026-04-14,P-0014,S-009,C-00043,Online,2,398.94,0.0
SO-100425,2026-04-14,P-0003,S-009,C-00043,Online,3,92.07,0.0
SO-100426,2026-04-13,P-0030,S-010,C-00025,Store,1,28.94,0.0
SO-100427,2026-04-10,P-0012,S-002,C-00238,Store,1,88.99,0.0
SO-100427,2026-04-10,P-0009,S-002,C-00238,Store,1,269.72,49.17
SO-100427,2026-04-10,P-0019,S-002,C-00238,Store,2,348.85,0.0
SO-100428,2026-03-11,P-0011,S-007,C-00449,Store,4,329.61,0.0
SO-100428,2026-03-11,P-0019,S-007,C-00449,Store,4,348.85,0.0
SO-100428,2026-03-11,P-0024,S-007,C-00449,Store,3,286.61,0.0
SO-100429,2026-01-17,P-0028,S-002,C-00383,Store,4,100.98,0.0
SO-100429,2026-01-17,P-0022,S-002,C-00383,Store,1,391.3,0.0
SO-100429,2026-01-17,P-0004,S-002,C-00383,Store,1,114.76,16.69
SO-100430,2026-05-27,P-0010,S-011,C-00495,Store,4,69.54,0.0
SO-100430,2026-05-27,P-0020,S-011,C-00495,Store,1,241.58,12.75
SO-100430,2026-05-27,P-0027,S-011,C-00495,Store,1,32.99,0.0
SO-100430,2026-05-27,P-0012,S-011,C-00495,Store,2,88.99,0.0
SO-100431,2026-01-23,P-0014,S-003,C-00333,Store,5,398.94,219.78
SO-100431,2026-01-23,P-0027,S-003,C-00333,Store,4,32.99,17.73
SO-100432,2025-12-30,P-0016,S-003,C-00379,Store,5,240.38,130.97
SO-100432,2025-12-30,P-0001,S-003,C-00379,Store,4,93.17,19.22
SO-100432,2025-12-30,P-0028,S-003,C-00379,Store,4,100.98,0.0
SO-100432,2025-12-30,P-0015,S-003,C-00379,Store,4,252.84,0.0
SO-100433,2026-05-02,P-0013,S-005,C-00019,Online,5,299.27,0.0
SO-100433,2026-05-02,P-0016,S-005,C-00019,Online,4,240.38,59.75
SO-100433,2026-05-02,P-0017,S-005,C-00019,Online,1,274.28,0.0
SO-100433,2026-05-02,P-0019,S-005,C-00019,Online,3,348.85,0.0
SO-100434,2026-02-07,P-0004,S-007,C-00456,Online,3,114.76,0.0
SO-100434,2026-02-07,P-0016,S-007,C-00456,Online,4,240.38,103.46
SO-100434,2026-02-07,P-0020,S-007,C-00456,Online,2,241.58,0.0
SO-100434,2026-02-07,P-0021,S-007,C-00456,Online,4,100.14,37.63
SO-100435,2026-05-25,P-0005,S-010,C-00437,Store,4,146.8,0.0
SO-100435,2026-05-25,P-0029,S-010,C-00437,Store,3,144.95,0.0
SO-100435,2026-05-25,P-0010,S-010,C-00437,Store,2,69.54,0.0
SO-100435,2026-05-25,P-0024,S-010,C-00437,Store,3,286.61,0.0
SO-100436,2025-12-23,P-0006,S-003,C-00089,Online,4,389.38,207.46
SO-100436,2025-12-23,P-0020,S-003,C-00089,Online,4,241.58,0.0
SO-100437,2026-01-23,P-0012,S-001,C-00184,Store,2,88.99,0.0
SO-100437,2026-01-23,P-0022,S-001,C-00184,Store,5,391.3,122.74
SO-100437,2026-01-23,P-0006,S-001,C-00184,Store,4,389.38,148.49
SO-100438,2026-04-23,P-0025,S-005,C-00175,Store,5,102.92,41.29
SO-100438,2026-04-23,P-0002,S-005,C-00175,Store,5,42.01,0.0
SO-100438,2026-04-23,P-0029,S-005,C-00175,Store,1,144.95,0.0
SO-100439,2026-03-23,P-0026,S-002,C-00500,Online,5,7.84,0.0
SO-100440,2025-12-27,P-0006,S-001,C-00260,Online,1,389.38,0.0
SO-100441,2026-03-03,P-0025,S-005,C-00363,Store,1,102.92,12.63
SO-100441,2026-03-03,P-0017,S-005,C-00363,Store,2,274.28,49.58
SO-100441,2026-03-03,P-0016,S-005,C-00363,Store,4,240.38,0.0
SO-100441,2026-03-03,P-0024,S-005,C-00363,Store,1,286.61,60.71
SO-100442,2026-02-26,P-0012,S-003,C-00044,Store,4,88.99,0.0
SO-100442,2026-02-26,P-0023,S-003,C-00044,Store,2,109.7,44.03
SO-100442,2026-02-26,P-0025,S-003,C-00044,Store,4,102.92,0.0
SO-100443,2026-01-05,P-0029,S-007,C-00471,Online,3,144.95,0.0
SO-100443,2026-01-05,P-0015,S-007,C-00471,Online,4,252.84,52.58
SO-100443,2026-01-05,P-0028,S-007,C-00471,Online,5,100.98,0.0
SO-100443,2026-01-05,P-0017,S-007,C-00471,Online,1,274.28,0.0
SO-100444,2026-03-13,P-0013,S-003,C-00223,Online,1,299.27,0.0
SO-100445,2026-05-14,P-0014,S-010,C-00030,Store,5,398.94,0.0
SO-100445,2026-05-14,P-0013,S-010,C-00030,Store,3,299.27,0.0
SO-100445,2026-05-14,P-0029,S-010,C-00030,Store,1,144.95,0.0
SO-100446,2026-04-15,P-0015,S-003,C-00359,Online,5,252.84,0.0
SO-100446,2026-04-15,P-0021,S-003,C-00359,Online,5,100.14,0.0
SO-100446,2026-04-15,P-0007,S-003,C-00359,Online,3,283.31,0.0
SO-100446,2026-04-15,P-0029,S-003,C-00359,Online,4,144.95,0.0
SO-100447,2026-02-16,P-0024,S-009,C-00172,Store,5,286.61,98.26
SO-100447,2026-02-16,P-0029,S-009,C-00172,Store,5,144.95,0.0
SO-100447,2026-02-16,P-0005,S-009,C-00172,Store,3,146.8,0.0
SO-100447,2026-02-16,P-0017,S-009,C-00172,Store,2,274.28,125.11
SO-100448,2026-04-18,P-0024,S-004,C-00427,Store,1,286.61,0.0
SO-100448,2026-04-18,P-0014,S-004,C-00427,Store,3,398.94,181.32
SO-100448,2026-04-18,P-0017,S-004,C-00427,Store,1,274.28,49.42
SO-100449,2026-01-01,P-0015,S-010,C-00378,Store,3,252.84,0.0
SO-100450,2026-04-28,P-0012,S-011,C-00341,Store,3,88.99,0.0
SO-100450,2026-04-28,P-0010,S-011,C-00341,Store,5,69.54,0.0
SO-100451,2026-03-07,P-0017,S-004,C-00054,Store,3,274.28,0.0
SO-100451,2026-03-07,P-0019,S-004,C-00054,Store,2,348.85,0.0
SO-100451,2026-03-07,P-0007,S-004,C-00054,Store,4,283.31,70.76
SO-100452,2026-01-03,P-0022,S-008,C-00040,Store,5,391.3,0.0
SO-100452,2026-01-03,P-0017,S-008,C-00040,Store,4,274.28,0.0
SO-100452,2026-01-03,P-0013,S-008,C-00040,Store,5,299.27,0.0
SO-100453,2026-03-19,P-0024,S-012,C-00477,Online,2,286.61,0.0
SO-100453,2026-03-19,P-0014,S-012,C-00477,Online,4,398.94,0.0
SO-100453,2026-03-19,P-0027,S-012,C-00477,Online,2,32.99,0.0
SO-100453,2026-03-19,P-0006,S-012,C-00477,Online,5,389.38,0.0
SO-100454,2025-12-31,P-0024,S-008,C-00243,Online,2,286.61,0.0
SO-100455,2026-03-05,P-0004,S-002,C-00309,Online,1,114.76,0.0
SO-100455,2026-03-05,P-0012,S-002,C-00309,Online,1,88.99,0.0
SO-100455,2026-03-05,P-0019,S-002,C-00309,Online,3,348.85,0.0
SO-100455,2026-03-05,P-0010,S-002,C-00309,Online,4,69.54,21.86
SO-100456,2026-04-30,P-0007,S-005,C-00456,Store,4,283.31,180.76
SO-100456,2026-04-30,P-0006,S-005,C-00456,Store,1,389.38,0.0
SO-100456,2026-04-30,P-0027,S-005,C-00456,Store,4,32.99,0.0
SO-100457,2026-02-18,P-0016,S-006,C-00401,Store,2,240.38,0.0
SO-100457,2026-02-18,P-0027,S-006,C-00401,Store,5,32.99,0.0
SO-100457,2026-02-18,P-0024,S-006,C-00401,Store,4,286.61,0.0
SO-100457,2026-02-18,P-0020,S-006,C-00401,Store,2,241.58,0.0
SO-100458,2026-02-22,P-0013,S-010,C-00341,Store,5,299.27,275.46
SO-100458,2026-02-22,P-0008,S-010,C-00341,Store,4,155.15,0.0
SO-100458,2026-02-22,P-0029,S-010,C-00341,Store,1,144.95,0.0
SO-100458,2026-02-22,P-0011,S-010,C-00341,Store,1,329.61,0.0
SO-100459,2026-05-31,P-0007,S-011,C-00064,Store,5,283.31,0.0
SO-100460,2025-12-14,P-0017,S-009,C-00097,Online,5,274.28,73.77
SO-100460,2025-12-14,P-0029,S-009,C-00097,Online,2,144.95,55.41
SO-100460,2025-12-14,P-0001,S-009,C-00097,Online,5,93.17,0.0
SO-100460,2025-12-14,P-0004,S-009,C-00097,Online,5,114.76,0.0
SO-100461,2026-03-13,P-0011,S-008,C-00442,Store,4,329.61,72.27
SO-100462,2026-04-15,P-0004,S-005,C-00047,Store,5,114.76,45.22
SO-100463,2026-02-04,P-0022,S-003,C-00158,Online,3,391.3,226.16
SO-100463,2026-02-04,P-0006,S-003,C-00158,Online,3,389.38,0.0
SO-100463,2026-02-04,P-0002,S-003,C-00158,Online,3,42.01,28.81
SO-100463,2026-02-04,P-0020,S-003,C-00158,Online,3,241.58,0.0
SO-100464,2025-12-31,P-0016,S-004,C-00386,Store,5,240.38,0.0
SO-100464,2025-12-31,P-0017,S-004,C-00386,Store,1,274.28,31.18
SO-100465,2026-04-21,P-0021,S-008,C-00015,Store,1,100.14,24.3
SO-100465,2026-04-21,P-0008,S-008,C-00015,Store,1,155.15,24.97
SO-100465,2026-04-21,P-0030,S-008,C-00015,Store,2,28.94,0.0
SO-100465,2026-04-21,P-0029,S-008,C-00015,Store,4,144.95,0.0
SO-100466,2026-05-12,P-0026,S-003,C-00192,Store,5,7.84,0.0
SO-100466,2026-05-12,P-0008,S-003,C-00192,Store,5,155.15,0.0
SO-100467,2025-12-01,P-0001,S-010,C-00149,Online,4,93.17,37.33
SO-100467,2025-12-01,P-0002,S-010,C-00149,Online,4,42.01,0.0
SO-100468,2026-05-11,P-0006,S-009,C-00145,Store,5,389.38,0.0
SO-100469,2026-02-15,P-0024,S-012,C-00063,Store,3,286.61,0.0
SO-100469,2026-02-15,P-0018,S-012,C-00063,Store,2,176.73,0.0
SO-100470,2026-02-20,P-0025,S-006,C-00326,Online,3,102.92,76.14
SO-100470,2026-02-20,P-0023,S-006,C-00326,Online,3,109.7,79.58
SO-100470,2026-02-20,P-0015,S-006,C-00326,Online,3,252.84,142.88
SO-100471,2026-05-15,P-0029,S-010,C-00244,Online,1,144.95,0.0
SO-100472,2026-03-16,P-0025,S-012,C-00361,Store,1,102.92,0.0
SO-100472,2026-03-16,P-0013,S-012,C-00361,Store,4,299.27,0.0
SO-100472,2026-03-16,P-0018,S-012,C-00361,Store,3,176.73,0.0
SO-100472,2026-03-16,P-0003,S-012,C-00361,Store,4,92.07,0.0
SO-100473,2026-03-02,P-0015,S-012,C-00005,Store,3,252.84,0.0
SO-100474,2026-03-24,P-0022,S-012,C-00011,Store,3,391.3,250.34
SO-100474,2026-03-24,P-0030,S-012,C-00011,Store,3,28.94,0.0
SO-100474,2026-03-24,P-0023,S-012,C-00011,Store,2,109.7,32.64
SO-100475,2026-03-03,P-0001,S-008,C-00464,Store,4,93.17,39.31
SO-100475,2026-03-03,P-0007,S-008,C-00464,Store,5,283.31,0.0
SO-100476,2026-04-21,P-0003,S-012,C-00290,Store,2,92.07,0.0
SO-100476,2026-04-21,P-0019,S-012,C-00290,Store,2,348.85,114.41
SO-100477,2026-01-28,P-0007,S-012,C-00401,Online,1,283.31,0.0
SO-100477,2026-01-28,P-0028,S-012,C-00401,Online,5,100.98,0.0
SO-100477,2026-01-28,P-0022,S-012,C-00401,Online,5,391.3,0.0
SO-100478,2025-12-01,P-0028,S-011,C-00345,Online,3,100.98,0.0
SO-100479,2026-03-15,P-0016,S-011,C-00266,Store,1,240.38,0.0
SO-100479,2026-03-15,P-0012,S-011,C-00266,Store,2,88.99,41.59
SO-100479,2026-03-15,P-0017,S-011,C-00266,Store,5,274.28,0.0
SO-100479,2026-03-15,P-0025,S-011,C-00266,Store,1,102.92,0.0
SO-100480,2026-02-24,P-0024,S-010,C-00414,Store,2,286.61,0.0
SO-100481,2026-03-19,P-0011,S-004,C-00101,Online,1,329.61,0.0
SO-100481,2026-03-19,P-0010,S-004,C-00101,Online,1,69.54,9.48
SO-100482,2025-12-07,P-0027,S-011,C-00479,Store,1,32.99,0.0
SO-100482,2025-12-07,P-0009,S-011,C-00479,Store,3,269.72,0.0
SO-100482,2025-12-07,P-0008,S-011,C-00479,Store,3,155.15,0.0
SO-100483,2026-01-30,P-0025,S-010,C-00318,Online,5,102.92,126.03
SO-100483,2026-01-30,P-0004,S-010,C-00318,Online,1,114.76,0.0
SO-100483,2026-01-30,P-0021,S-010,C-00318,Online,1,100.14,0.0
SO-100483,2026-01-30,P-0015,S-010,C-00318,Online,1,252.84,0.0
SO-100484,2026-03-24,P-0003,S-010,C-00321,Store,5,92.07,101.27
SO-100484,2026-03-24,P-0004,S-010,C-00321,Store,4,114.76,91.99
SO-100484,2026-03-24,P-0022,S-010,C-00321,Store,2,391.3,0.0
SO-100484,2026-03-24,P-0002,S-010,C-00321,Store,5,42.01,26.63
SO-100485,2026-03-20,P-0021,S-010,C-00052,Online,1,100.14,0.0
SO-100485,2026-03-20,P-0022,S-010,C-00052,Online,3,391.3,0.0
SO-100485,2026-03-20,P-0026,S-010,C-00052,Online,1,7.84,1.33
SO-100486,2025-12-18,P-0021,S-004,C-00464,Store,3,100.14,0.0
SO-100486,2025-12-18,P-0017,S-004,C-00464,Store,4,274.28,0.0
SO-100487,2026-03-24,P-0002,S-003,C-00409,Store,2,42.01,0.0
SO-100488,2026-03-22,P-0010,S-011,C-00387,Store,5,69.54,0.0
SO-100488,2026-03-22,P-0019,S-011,C-00387,Store,2,348.85,0.0
SO-100488,2026-03-22,P-0029,S-011,C-00387,Store,5,144.95,0.0
SO-100489,2026-03-05,P-0002,S-009,C-00301,Online,5,42.01,0.0
SO-100489,2026-03-05,P-0008,S-009,C-00301,Online,5,155.15,0.0
SO-100490,2026-03-19,P-0026,S-004,C-00328,Store,3,7.84,3.41
SO-100490,2026-03-19,P-0003,S-004,C-00328,Store,4,92.07,0.0
SO-100491,2026-02-23,P-0020,S-010,C-00494,Online,3,241.58,102.09
SO-100491,2026-02-23,P-0010,S-010,C-00494,Online,1,69.54,0.0
SO-100491,2026-02-23,P-0014,S-010,C-00494,Online,1,398.94,0.0
SO-100492,2026-05-27,P-0016,S-010,C-00110,Store,3,240.38,0.0
SO-100492,2026-05-27,P-0024,S-010,C-00110,Store,4,286.61,99.57
SO-100493,2025-12-02,P-0018,S-002,C-00184,Store,1,176.73,24.4
SO-100494,2026-05-11,P-0007,S-006,C-00023,Store,2,283.31,53.14
SO-100495,2026-02-06,P-0006,S-006,C-00434,Online,1,389.38,39.86
SO-100495,2026-02-06,P-0007,S-006,C-00434,Online,1,283.31,52.55
SO-100496,2026-03-08,P-0010,S-002,C-00174,Online,2,69.54,0.0
SO-100496,2026-03-08,P-0015,S-002,C-00174,Online,3,252.84,0.0
SO-100497,2026-04-14,P-0029,S-010,C-00452,Online,2,144.95,0.0
SO-100497,2026-04-14,P-0023,S-010,C-00452,Online,2,109.7,0.0
SO-100497,2026-04-14,P-0003,S-010,C-00452,Online,2,92.07,0.0
SO-100497,2026-04-14,P-0004,S-010,C-00452,Online,3,114.76,0.0
SO-100498,2026-03-20,P-0025,S-004,C-00472,Online,5,102.92,0.0
SO-100499,2026-04-17,P-0002,S-003,C-00168,Store,3,42.01,0.0
SO-100499,2026-04-17,P-0021,S-003,C-00168,Store,5,100.14,0.0
SO-100500,2026-04-05,P-0026,S-002,C-00402,Store,2,7.84,0.0
SO-100500,2026-04-05,P-0022,S-002,C-00402,Store,5,391.3,0.0
SO-100500,2026-04-05,P-0020,S-002,C-00402,Store,5,241.58,0.0
SO-100500,2026-04-05,P-0003,S-002,C-00402,Store,3,92.07,0.0
SO-100501,2026-04-14,P-0016,S-012,C-00490,Online,5,240.38,0.0
SO-100501,2026-04-14,P-0009,S-012,C-00490,Online,2,269.72,48.87
SO-100501,2026-04-14,P-0019,S-012,C-00490,Online,2,348.85,0.0
SO-100501,2026-04-14,P-0013,S-012,C-00490,Online,3,299.27,0.0
SO-100502,2026-03-07,P-0005,S-006,C-00131,Store,1,146.8,22.57
SO-100503,2026-01-28,P-0014,S-008,C-00263,Store,4,398.94,0.0
SO-100503,2026-01-28,P-0015,S-008,C-00263,Store,4,252.84,139.91
SO-100503,2026-01-28,P-0012,S-008,C-00263,Store,3,88.99,0.0
SO-100504,2026-03-02,P-0026,S-005,C-00432,Online,3,7.84,0.0
SO-100505,2025-12-26,P-0011,S-006,C-00020,Store,3,329.61,196.82
SO-100505,2025-12-26,P-0007,S-006,C-00020,Store,3,283.31,145.17
SO-100506,2026-01-05,P-0001,S-012,C-00379,Online,3,93.17,0.0
SO-100506,2026-01-05,P-0025,S-012,C-00379,Online,4,102.92,0.0
SO-100506,2026-01-05,P-0010,S-012,C-00379,Online,5,69.54,0.0
SO-100507,2025-12-04,P-0028,S-009,C-00390,Store,2,100.98,40.36
SO-100507,2025-12-04,P-0013,S-009,C-00390,Store,4,299.27,200.39
SO-100508,2026-04-21,P-0011,S-012,C-00417,Online,2,329.61,0.0
SO-100508,2026-04-21,P-0026,S-012,C-00417,Online,4,7.84,4.39
SO-100508,2026-04-21,P-0003,S-012,C-00417,Online,5,92.07,35.81
SO-100508,2026-04-21,P-0028,S-012,C-00417,Online,2,100.98,0.0
SO-100509,2025-12-03,P-0011,S-011,C-00428,Store,4,329.61,0.0
SO-100509,2025-12-03,P-0008,S-011,C-00428,Store,4,155.15,0.0
SO-100509,2025-12-03,P-0014,S-011,C-00428,Store,5,398.94,333.89
SO-100510,2026-04-25,P-0019,S-003,C-00079,Online,5,348.85,0.0
SO-100510,2026-04-25,P-0021,S-003,C-00079,Online,5,100.14,0.0
SO-100510,2026-04-25,P-0026,S-003,C-00079,Online,4,7.84,4.02
SO-100511,2026-04-16,P-0019,S-008,C-00056,Store,3,348.85,74.16
SO-100511,2026-04-16,P-0015,S-008,C-00056,Store,5,252.84,272.18
SO-100511,2026-04-16,P-0021,S-008,C-00056,Store,5,100.14,0.0
SO-100512,2026-01-17,P-0008,S-007,C-00146,Store,5,155.15,47.7
SO-100512,2026-01-17,P-0010,S-007,C-00146,Store,5,69.54,40.11
SO-100513,2026-03-16,P-0016,S-002,C-00067,Store,2,240.38,43.81
SO-100513,2026-03-16,P-0024,S-002,C-00067,Store,4,286.61,0.0
SO-100513,2026-03-16,P-0003,S-002,C-00067,Store,4,92.07,60.77
SO-100513,2026-03-16,P-0013,S-002,C-00067,Store,3,299.27,0.0
SO-100514,2026-04-08,P-0001,S-008,C-00142,Online,4,93.17,48.39
SO-100514,2026-04-08,P-0005,S-008,C-00142,Online,2,146.8,0.0
SO-100515,2026-04-25,P-0024,S-008,C-00237,Online,1,286.61,64.83
SO-100516,2026-03-27,P-0013,S-012,C-00406,Store,2,299.27,0.0
SO-100516,2026-03-27,P-0020,S-012,C-00406,Store,2,241.58,0.0
SO-100516,2026-03-27,P-0027,S-012,C-00406,Store,4,32.99,0.0
SO-100517,2026-05-18,P-0023,S-010,C-00049,Store,2,109.7,38.53
SO-100517,2026-05-18,P-0002,S-010,C-00049,Store,3,42.01,0.0
SO-100517,2026-05-18,P-0008,S-010,C-00049,Store,1,155.15,0.0
SO-100517,2026-05-18,P-0029,S-010,C-00049,Store,2,144.95,0.0
SO-100518,2026-03-16,P-0003,S-009,C-00063,Online,5,92.07,0.0
SO-100518,2026-03-16,P-0025,S-009,C-00063,Online,3,102.92,0.0
SO-100518,2026-03-16,P-0004,S-009,C-00063,Online,2,114.76,34.71
SO-100519,2026-03-29,P-0013,S-011,C-00356,Store,2,299.27,0.0
SO-100519,2026-03-29,P-0011,S-011,C-00356,Store,1,329.61,63.23
SO-100519,2026-03-29,P-0024,S-011,C-00356,Store,2,286.61,0.0
SO-100519,2026-03-29,P-0028,S-011,C-00356,Store,4,100.98,0.0
SO-100520,2025-12-18,P-0005,S-011,C-00125,Store,2,146.8,15.74
SO-100520,2025-12-18,P-0016,S-011,C-00125,Store,1,240.38,17.99
SO-100520,2025-12-18,P-0027,S-011,C-00125,Store,4,32.99,24.32
SO-100520,2025-12-18,P-0009,S-011,C-00125,Store,1,269.72,0.0
SO-100521,2026-01-09,P-0029,S-003,C-00111,Store,5,144.95,137.23
SO-100522,2026-05-12,P-0013,S-011,C-00340,Online,3,299.27,0.0
SO-100523,2026-05-03,P-0030,S-007,C-00393,Store,3,28.94,0.0
SO-100523,2026-05-03,P-0008,S-007,C-00393,Store,2,155.15,41.68
SO-100524,2025-12-04,P-0008,S-004,C-00349,Store,1,155.15,0.0
SO-100525,2026-05-20,P-0017,S-003,C-00023,Store,3,274.28,0.0
SO-100525,2026-05-20,P-0004,S-003,C-00023,Store,2,114.76,0.0
SO-100525,2026-05-20,P-0027,S-003,C-00023,Store,5,32.99,0.0
SO-100525,2026-05-20,P-0011,S-003,C-00023,Store,4,329.61,122.29
SO-100526,2026-03-02,P-0001,S-001,C-00206,Store,4,93.17,67.68
SO-100526,2026-03-02,P-0013,S-001,C-00206,Store,3,299.27,0.0
SO-100526,2026-03-02,P-0007,S-001,C-00206,Store,3,283.31,193.01
SO-100527,2026-03-16,P-0023,S-010,C-00256,Store,5,109.7,0.0
SO-100528,2026-04-25,P-0021,S-002,C-00308,Store,2,100.14,0.0
SO-100528,2026-04-25,P-0023,S-002,C-00308,Store,3,109.7,0.0
SO-100528,2026-04-25,P-0013,S-002,C-00308,Store,4,299.27,64.08
SO-100529,2026-04-29,P-0017,S-009,C-00328,Store,1,274.28,47.52
SO-100529,2026-04-29,P-0019,S-009,C-00328,Store,1,348.85,0.0
SO-100530,2026-03-20,P-0005,S-010,C-00041,Online,3,146.8,0.0
SO-100531,2026-01-21,P-0008,S-004,C-00329,Store,5,155.15,0.0
SO-100532,2026-03-24,P-0011,S-006,C-00069,Online,1,329.61,0.0
SO-100532,2026-03-24,P-0021,S-006,C-00069,Online,4,100.14,0.0
SO-100532,2026-03-24,P-0026,S-006,C-00069,Online,3,7.84,0.0
SO-100533,2026-01-28,P-0007,S-006,C-00176,Online,1,283.31,0.0
SO-100533,2026-01-28,P-0018,S-006,C-00176,Online,2,176.73,0.0
SO-100534,2026-05-28,P-0017,S-010,C-00447,Online,1,274.28,40.68
SO-100534,2026-05-28,P-0011,S-010,C-00447,Online,2,329.61,163.75
SO-100534,2026-05-28,P-0006,S-010,C-00447,Online,2,389.38,65.99
SO-100534,2026-05-28,P-0015,S-010,C-00447,Online,5,252.84,0.0
SO-100535,2026-01-22,P-0010,S-002,C-00219,Store,2,69.54,0.0
SO-100535,2026-01-22,P-0006,S-002,C-00219,Store,5,389.38,208.46
SO-100535,2026-01-22,P-0024,S-002,C-00219,Store,4,286.61,0.0
SO-100535,2026-01-22,P-0007,S-002,C-00219,Store,2,283.31,116.87
SO-100536,2025-12-21,P-0006,S-006,C-00204,Online,5,389.38,0.0
SO-100536,2025-12-21,P-0016,S-006,C-00204,Online,4,240.38,0.0
SO-100536,2025-12-21,P-0015,S-006,C-00204,Online,4,252.84,127.72
SO-100536,2025-12-21,P-0014,S-006,C-00204,Online,1,398.94,0.0
SO-100537,2026-02-15,P-0009,S-003,C-00284,Store,4,269.72,0.0
SO-100537,2026-02-15,P-0013,S-003,C-00284,Store,3,299.27,0.0
SO-100538,2026-05-05,P-0007,S-006,C-00070,Store,1,283.31,0.0
SO-100538,2026-05-05,P-0005,S-006,C-00070,Store,3,146.8,0.0
SO-100538,2026-05-05,P-0030,S-006,C-00070,Store,4,28.94,0.0
SO-100538,2026-05-05,P-0001,S-006,C-00070,Store,3,93.17,0.0
SO-100539,2026-02-17,P-0029,S-010,C-00037,Online,4,144.95,0.0
SO-100539,2026-02-17,P-0002,S-010,C-00037,Online,2,42.01,11.53
SO-100539,2026-02-17,P-0030,S-010,C-00037,Online,3,28.94,0.0
SO-100539,2026-02-17,P-0004,S-010,C-00037,Online,3,114.76,0.0
SO-100540,2026-04-05,P-0021,S-006,C-00357,Online,4,100.14,0.0
SO-100541,2026-02-02,P-0021,S-001,C-00472,Store,1,100.14,0.0
SO-100541,2026-02-02,P-0023,S-001,C-00472,Store,2,109.7,30.96
SO-100541,2026-02-02,P-0022,S-001,C-00472,Store,2,391.3,133.38
SO-100542,2026-05-19,P-0021,S-001,C-00060,Online,4,100.14,0.0
SO-100543,2026-04-30,P-0029,S-002,C-00266,Online,2,144.95,0.0
SO-100543,2026-04-30,P-0014,S-002,C-00266,Online,3,398.94,0.0
SO-100544,2026-04-08,P-0019,S-011,C-00454,Online,1,348.85,57.39
SO-100544,2026-04-08,P-0010,S-011,C-00454,Online,3,69.54,0.0
SO-100544,2026-04-08,P-0024,S-011,C-00454,Online,3,286.61,0.0
SO-100544,2026-04-08,P-0014,S-011,C-00454,Online,4,398.94,0.0
SO-100545,2025-12-02,P-0003,S-008,C-00001,Online,4,92.07,0.0
SO-100546,2026-05-17,P-0012,S-007,C-00088,Store,2,88.99,15.38
SO-100546,2026-05-17,P-0006,S-007,C-00088,Store,1,389.38,0.0
SO-100547,2026-01-24,P-0026,S-001,C-00384,Store,2,7.84,3.61
SO-100547,2026-01-24,P-0025,S-001,C-00384,Store,4,102.92,0.0
SO-100548,2026-05-09,P-0010,S-011,C-00086,Store,1,69.54,0.0
SO-100549,2026-02-09,P-0016,S-001,C-00300,Store,1,240.38,24.81
SO-100549,2026-02-09,P-0022,S-001,C-00300,Store,1,391.3,0.0
SO-100550,2025-12-11,P-0013,S-009,C-00406,Store,5,299.27,0.0
SO-100551,2026-02-07,P-0020,S-008,C-00388,Online,3,241.58,0.0
SO-100551,2026-02-07,P-0014,S-008,C-00388,Online,3,398.94,0.0
SO-100551,2026-02-07,P-0011,S-008,C-00388,Online,2,329.61,0.0
SO-100552,2026-05-20,P-0028,S-010,C-00030,Store,1,100.98,22.63
SO-100552,2026-05-20,P-0011,S-010,C-00030,Store,4,329.61,0.0
SO-100552,2026-05-20,P-0026,S-010,C-00030,Store,2,7.84,1.17
SO-100553,2026-04-15,P-0012,S-012,C-00385,Store,5,88.99,0.0
SO-100553,2026-04-15,P-0015,S-012,C-00385,Store,4,252.84,0.0
SO-100554,2026-05-19,P-0001,S-011,C-00491,Store,1,93.17,0.0
SO-100554,2026-05-19,P-0021,S-011,C-00491,Store,3,100.14,0.0
SO-100554,2026-05-19,P-0012,S-011,C-00491,Store,2,88.99,0.0
SO-100555,2026-03-13,P-0030,S-002,C-00179,Online,1,28.94,0.0
SO-100555,2026-03-13,P-0016,S-002,C-00179,Online,3,240.38,0.0
SO-100555,2026-03-13,P-0022,S-002,C-00179,Online,2,391.3,0.0
SO-100555,2026-03-13,P-0028,S-002,C-00179,Online,5,100.98,0.0
SO-100556,2026-04-09,P-0010,S-008,C-00408,Store,5,69.54,0.0
SO-100557,2026-03-30,P-0016,S-008,C-00489,Store,5,240.38,110.97
SO-100558,2026-05-18,P-0006,S-002,C-00223,Online,3,389.38,0.0
SO-100559,2026-02-10,P-0029,S-005,C-00341,Store,5,144.95,0.0
SO-100559,2026-02-10,P-0022,S-005,C-00341,Store,4,391.3,294.82
SO-100559,2026-02-10,P-0004,S-005,C-00341,Store,2,114.76,0.0
SO-100559,2026-02-10,P-0005,S-005,C-00341,Store,5,146.8,87.09
SO-100560,2026-03-08,P-0026,S-009,C-00495,Online,3,7.84,1.6
SO-100560,2026-03-08,P-0008,S-009,C-00495,Online,5,155.15,0.0
SO-100560,2026-03-08,P-0009,S-009,C-00495,Online,1,269.72,0.0
SO-100560,2026-03-08,P-0004,S-009,C-00495,Online,2,114.76,0.0
SO-100561,2026-03-08,P-0019,S-001,C-00160,Store,5,348.85,222.62
SO-100562,2026-03-19,P-0017,S-006,C-00409,Store,5,274.28,0.0
SO-100562,2026-03-19,P-0022,S-006,C-00409,Store,1,391.3,0.0
SO-100563,2026-04-17,P-0027,S-006,C-00075,Online,4,32.99,14.08
SO-100563,2026-04-17,P-0008,S-006,C-00075,Online,1,155.15,0.0
SO-100563,2026-04-17,P-0016,S-006,C-00075,Online,3,240.38,0.0
SO-100564,2026-05-26,P-0021,S-012,C-00294,Store,3,100.14,0.0
SO-100564,2026-05-26,P-0027,S-012,C-00294,Store,4,32.99,27.98
SO-100564,2026-05-26,P-0007,S-012,C-00294,Store,2,283.31,0.0
SO-100564,2026-05-26,P-0016,S-012,C-00294,Store,2,240.38,0.0
SO-100565,2026-01-27,P-0028,S-001,C-00473,Online,4,100.98,86.04
SO-100565,2026-01-27,P-0016,S-001,C-00473,Online,2,240.38,0.0
SO-100566,2026-04-20,P-0012,S-007,C-00348,Store,5,88.99,0.0
SO-100566,2026-04-20,P-0025,S-007,C-00348,Store,3,102.92,0.0
SO-100566,2026-04-20,P-0013,S-007,C-00348,Store,2,299.27,0.0
SO-100566,2026-04-20,P-0003,S-007,C-00348,Store,5,92.07,0.0
SO-100567,2026-01-03,P-0028,S-010,C-00444,Store,3,100.98,0.0
SO-100568,2026-01-11,P-0010,S-008,C-00357,Store,2,69.54,0.0
SO-100568,2026-01-11,P-0029,S-008,C-00357,Store,2,144.95,0.0
SO-100568,2026-01-11,P-0005,S-008,C-00357,Store,1,146.8,0.0
SO-100568,2026-01-11,P-0007,S-008,C-00357,Store,5,283.31,293.37
SO-100569,2026-01-07,P-0030,S-007,C-00348,Store,1,28.94,0.0
SO-100569,2026-01-07,P-0002,S-007,C-00348,Store,4,42.01,10.17
SO-100570,2026-04-11,P-0021,S-010,C-00223,Online,4,100.14,29.55
SO-100570,2026-04-11,P-0024,S-010,C-00223,Online,4,286.61,0.0
SO-100571,2026-05-26,P-0025,S-003,C-00335,Store,1,102.92,0.0
SO-100571,2026-05-26,P-0023,S-003,C-00335,Store,4,109.7,79.26
SO-100571,2026-05-26,P-0026,S-003,C-00335,Store,3,7.84,1.72
SO-100571,2026-05-26,P-0022,S-003,C-00335,Store,1,391.3,0.0
SO-100572,2026-05-21,P-0009,S-004,C-00012,Online,5,269.72,198.03
SO-100572,2026-05-21,P-0023,S-004,C-00012,Online,4,109.7,32.93
SO-100572,2026-05-21,P-0024,S-004,C-00012,Online,3,286.61,199.29
SO-100572,2026-05-21,P-0004,S-004,C-00012,Online,5,114.76,121.97
SO-100573,2025-12-06,P-0003,S-009,C-00402,Store,5,92.07,0.0
SO-100573,2025-12-06,P-0017,S-009,C-00402,Store,1,274.28,0.0
SO-100573,2025-12-06,P-0027,S-009,C-00402,Store,2,32.99,0.0
SO-100573,2025-12-06,P-0019,S-009,C-00402,Store,1,348.85,59.24
SO-100574,2026-01-16,P-0004,S-008,C-00410,Store,5,114.76,47.19
SO-100574,2026-01-16,P-0002,S-008,C-00410,Store,5,42.01,42.14
SO-100574,2026-01-16,P-0005,S-008,C-00410,Store,1,146.8,0.0
SO-100575,2026-04-09,P-0022,S-009,C-00088,Store,1,391.3,0.0
SO-100575,2026-04-09,P-0001,S-009,C-00088,Store,5,93.17,0.0
SO-100575,2026-04-09,P-0008,S-009,C-00088,Store,3,155.15,0.0
SO-100575,2026-04-09,P-0010,S-009,C-00088,Store,4,69.54,41.19
SO-100576,2026-02-19,P-0023,S-006,C-00311,Store,1,109.7,9.61
SO-100576,2026-02-19,P-0004,S-006,C-00311,Store,3,114.76,0.0
SO-100577,2026-01-25,P-0019,S-010,C-00283,Online,3,348.85,182.58
SO-100577,2026-01-25,P-0012,S-010,C-00283,Online,1,88.99,0.0
SO-100578,2026-02-05,P-0003,S-003,C-00205,Store,2,92.07,0.0
SO-100578,2026-02-05,P-0009,S-003,C-00205,Store,1,269.72,0.0
SO-100578,2026-02-05,P-0022,S-003,C-00205,Store,3,391.3,0.0
SO-100578,2026-02-05,P-0014,S-003,C-00205,Store,2,398.94,0.0
SO-100579,2026-04-24,P-0014,S-009,C-00310,Online,2,398.94,0.0
SO-100579,2026-04-24,P-0027,S-009,C-00310,Online,4,32.99,0.0
SO-100580,2026-05-04,P-0022,S-005,C-00064,Store,5,391.3,0.0
SO-100581,2026-02-23,P-0025,S-006,C-00466,Online,2,102.92,14.32
SO-100581,2026-02-23,P-0009,S-006,C-00466,Online,2,269.72,0.0
SO-100581,2026-02-23,P-0005,S-006,C-00466,Online,1,146.8,0.0
SO-100582,2026-01-01,P-0019,S-012,C-00449,Store,4,348.85,167.14
SO-100582,2026-01-01,P-0027,S-012,C-00449,Store,5,32.99,0.0
SO-100582,2026-01-01,P-0026,S-012,C-00449,Store,5,7.84,2.74
SO-100583,2025-12-13,P-0026,S-007,C-00093,Store,5,7.84,0.0
SO-100583,2025-12-13,P-0024,S-007,C-00093,Store,4,286.61,0.0
SO-100583,2025-12-13,P-0022,S-007,C-00093,Store,2,391.3,146.61
SO-100584,2026-01-09,P-0002,S-003,C-00194,Online,3,42.01,0.0
SO-100584,2026-01-09,P-0030,S-003,C-00194,Online,2,28.94,0.0
SO-100584,2026-01-09,P-0024,S-003,C-00194,Online,4,286.61,0.0
SO-100585,2026-01-16,P-0017,S-006,C-00409,Store,5,274.28,0.0
SO-100585,2026-01-16,P-0010,S-006,C-00409,Store,2,69.54,0.0
SO-100585,2026-01-16,P-0009,S-006,C-00409,Store,1,269.72,0.0
SO-100585,2026-01-16,P-0014,S-006,C-00409,Store,4,398.94,0.0
SO-100586,2025-12-24,P-0003,S-002,C-00374,Online,5,92.07,91.46
SO-100586,2025-12-24,P-0006,S-002,C-00374,Online,5,389.38,0.0
SO-100587,2025-12-03,P-0016,S-007,C-00347,Online,5,240.38,0.0
SO-100587,2025-12-03,P-0017,S-007,C-00347,Online,4,274.28,96.59
SO-100588,2025-12-02,P-0008,S-012,C-00274,Online,5,155.15,0.0
SO-100588,2025-12-02,P-0024,S-012,C-00274,Online,1,286.61,0.0
SO-100588,2025-12-02,P-0022,S-012,C-00274,Online,2,391.3,0.0
SO-100589,2026-04-14,P-0027,S-003,C-00039,Online,3,32.99,0.0
SO-100589,2026-04-14,P-0005,S-003,C-00039,Online,4,146.8,0.0
SO-100589,2026-04-14,P-0017,S-003,C-00039,Online,2,274.28,0.0
SO-100590,2025-12-29,P-0010,S-011,C-00128,Store,3,69.54,0.0
SO-100591,2026-02-06,P-0007,S-012,C-00324,Store,5,283.31,0.0
SO-100591,2026-02-06,P-0030,S-012,C-00324,Store,1,28.94,0.0
SO-100591,2026-02-06,P-0010,S-012,C-00324,Store,5,69.54,0.0
SO-100591,2026-02-06,P-0021,S-012,C-00324,Store,1,100.14,0.0
SO-100592,2026-05-07,P-0001,S-005,C-00182,Store,3,93.17,0.0
SO-100593,2026-01-17,P-0016,S-001,C-00052,Store,5,240.38,0.0
SO-100593,2026-01-17,P-0007,S-001,C-00052,Store,4,283.31,167.13
SO-100593,2026-01-17,P-0003,S-001,C-00052,Store,2,92.07,0.0
SO-100593,2026-01-17,P-0017,S-001,C-00052,Store,3,274.28,106.21
SO-100594,2026-02-15,P-0004,S-003,C-00275,Store,4,114.76,55.43
SO-100594,2026-02-15,P-0015,S-003,C-00275,Store,4,252.84,229.29
SO-100594,2026-02-15,P-0022,S-003,C-00275,Store,2,391.3,83.72
SO-100595,2026-01-04,P-0006,S-012,C-00170,Store,2,389.38,0.0
SO-100596,2026-05-20,P-0018,S-002,C-00216,Online,2,176.73,0.0
SO-100596,2026-05-20,P-0016,S-002,C-00216,Online,4,240.38,0.0
SO-100596,2026-05-20,P-0026,S-002,C-00216,Online,4,7.84,7.57
SO-100596,2026-05-20,P-0022,S-002,C-00216,Online,1,391.3,46.5
SO-100597,2025-12-04,P-0014,S-004,C-00027,Online,1,398.94,0.0
SO-100597,2025-12-04,P-0020,S-004,C-00027,Online,3,241.58,48.21
SO-100597,2025-12-04,P-0024,S-004,C-00027,Online,4,286.61,92.29
SO-100598,2026-04-10,P-0028,S-005,C-00393,Store,3,100.98,0.0
SO-100599,2026-02-02,P-0023,S-007,C-00102,Online,5,109.7,0.0
SO-100599,2026-02-02,P-0026,S-007,C-00102,Online,2,7.84,0.0
SO-100599,2026-02-02,P-0004,S-007,C-00102,Online,5,114.76,0.0
SO-100599,2026-02-02,P-0024,S-007,C-00102,Online,2,286.61,43.83
SO-100600,2025-12-10,P-0014,S-004,C-00476,Store,5,398.94,444.56
SO-100600,2025-12-10,P-0001,S-004,C-00476,Store,4,93.17,0.0
SO-100601,2026-02-17,P-0014,S-004,C-00114,Online,5,398.94,0.0
SO-100601,2026-02-17,P-0016,S-004,C-00114,Online,1,240.38,0.0
SO-100601,2026-02-17,P-0002,S-004,C-00114,Online,3,42.01,0.0
SO-100602,2026-02-28,P-0006,S-004,C-00164,Online,1,389.38,70.9
SO-100603,2026-02-21,P-0014,S-008,C-00144,Store,2,398.94,118.29
SO-100604,2026-02-24,P-0022,S-002,C-00343,Store,5,391.3,0.0
SO-100605,2026-01-03,P-0024,S-012,C-00415,Store,5,286.61,0.0
SO-100605,2026-01-03,P-0025,S-012,C-00415,Store,2,102.92,0.0
SO-100605,2026-01-03,P-0019,S-012,C-00415,Store,2,348.85,0.0
SO-100606,2025-12-23,P-0002,S-003,C-00323,Online,5,42.01,0.0
SO-100607,2026-05-17,P-0030,S-004,C-00361,Online,5,28.94,0.0
SO-100607,2026-05-17,P-0004,S-004,C-00361,Online,4,114.76,0.0
SO-100607,2026-05-17,P-0003,S-004,C-00361,Online,2,92.07,0.0
SO-100607,2026-05-17,P-0018,S-004,C-00361,Online,2,176.73,31.23
SO-100608,2026-04-20,P-0029,S-009,C-00500,Online,1,144.95,0.0
SO-100608,2026-04-20,P-0012,S-009,C-00500,Online,1,88.99,0.0
SO-100608,2026-04-20,P-0015,S-009,C-00500,Online,5,252.84,0.0
SO-100609,2026-04-08,P-0023,S-003,C-00307,Online,1,109.7,0.0
SO-100609,2026-04-08,P-0005,S-003,C-00307,Online,1,146.8,0.0
SO-100609,2026-04-08,P-0010,S-003,C-00307,Online,2,69.54,0.0
SO-100610,2026-03-12,P-0006,S-009,C-00446,Store,4,389.38,0.0
SO-100611,2026-03-09,P-0007,S-007,C-00206,Store,2,283.31,0.0
SO-100611,2026-03-09,P-0006,S-007,C-00206,Store,5,389.38,0.0
SO-100611,2026-03-09,P-0001,S-007,C-00206,Store,5,93.17,0.0
SO-100612,2026-05-31,P-0010,S-005,C-00156,Online,3,69.54,0.0
SO-100612,2026-05-31,P-0023,S-005,C-00156,Online,2,109.7,34.38
SO-100613,2026-02-13,P-0030,S-003,C-00483,Store,1,28.94,0.0
SO-100613,2026-02-13,P-0005,S-003,C-00483,Store,2,146.8,0.0
SO-100613,2026-02-13,P-0009,S-003,C-00483,Store,2,269.72,0.0
SO-100614,2025-12-01,P-0011,S-011,C-00310,Online,5,329.61,126.44
SO-100614,2025-12-01,P-0003,S-011,C-00310,Online,5,92.07,113.73
SO-100614,2025-12-01,P-0023,S-011,C-00310,Online,1,109.7,0.0
SO-100615,2026-01-26,P-0001,S-005,C-00091,Online,5,93.17,92.78
SO-100615,2026-01-26,P-0018,S-005,C-00091,Online,4,176.73,0.0
SO-100615,2026-01-26,P-0022,S-005,C-00091,Online,3,391.3,0.0
SO-100616,2026-05-12,P-0008,S-004,C-00419,Online,5,155.15,0.0
SO-100616,2026-05-12,P-0011,S-004,C-00419,Online,4,329.61,127.02
SO-100616,2026-05-12,P-0009,S-004,C-00419,Online,4,269.72,0.0
SO-100616,2026-05-12,P-0007,S-004,C-00419,Online,4,283.31,97.8
SO-100617,2026-01-17,P-0024,S-003,C-00097,Online,1,286.61,0.0
SO-100617,2026-01-17,P-0006,S-003,C-00097,Online,2,389.38,0.0
SO-100617,2026-01-17,P-0021,S-003,C-00097,Online,5,100.14,39.41
SO-100617,2026-01-17,P-0010,S-003,C-00097,Online,4,69.54,64.48
SO-100618,2026-03-14,P-0020,S-009,C-00071,Store,1,241.58,0.0
SO-100619,2025-12-06,P-0005,S-001,C-00391,Store,2,146.8,0.0
SO-100620,2026-02-07,P-0026,S-011,C-00308,Store,1,7.84,0.0
SO-100621,2025-12-28,P-0007,S-006,C-00437,Store,2,283.31,0.0
SO-100622,2026-04-24,P-0016,S-003,C-00158,Online,1,240.38,0.0
SO-100622,2026-04-24,P-0005,S-003,C-00158,Online,3,146.8,0.0
SO-100622,2026-04-24,P-0008,S-003,C-00158,Online,1,155.15,9.14
SO-100623,2026-04-19,P-0005,S-009,C-00454,Store,1,146.8,18.65
SO-100623,2026-04-19,P-0001,S-009,C-00454,Store,3,93.17,0.0
SO-100623,2026-04-19,P-0030,S-009,C-00454,Store,2,28.94,0.0
SO-100623,2026-04-19,P-0008,S-009,C-00454,Store,4,155.15,0.0
SO-100624,2025-12-29,P-0010,S-002,C-00115,Store,3,69.54,24.36
SO-100625,2026-03-03,P-0020,S-002,C-00459,Online,2,241.58,75.42
SO-100626,2026-05-03,P-0020,S-007,C-00077,Store,3,241.58,0.0
SO-100626,2026-05-03,P-0027,S-007,C-00077,Store,3,32.99,0.0
SO-100626,2026-05-03,P-0010,S-007,C-00077,Store,3,69.54,0.0
SO-100627,2025-12-20,P-0011,S-003,C-00399,Online,4,329.61,0.0
SO-100627,2025-12-20,P-0005,S-003,C-00399,Online,4,146.8,0.0
SO-100628,2025-12-29,P-0003,S-012,C-00143,Store,2,92.07,23.39
SO-100628,2025-12-29,P-0011,S-012,C-00143,Store,3,329.61,0.0
SO-100629,2026-04-03,P-0005,S-007,C-00309,Online,2,146.8,0.0
SO-100629,2026-04-03,P-0026,S-007,C-00309,Online,5,7.84,0.0
SO-100629,2026-04-03,P-0021,S-007,C-00309,Online,5,100.14,0.0
SO-100630,2026-04-17,P-0017,S-007,C-00043,Online,2,274.28,0.0
SO-100630,2026-04-17,P-0019,S-007,C-00043,Online,2,348.85,0.0
SO-100630,2026-04-17,P-0025,S-007,C-00043,Online,2,102.92,0.0
SO-100630,2026-04-17,P-0023,S-007,C-00043,Online,1,109.7,0.0
SO-100631,2026-04-01,P-0012,S-002,C-00031,Online,2,88.99,14.03
SO-100631,2026-04-01,P-0028,S-002,C-00031,Online,5,100.98,0.0
SO-100631,2026-04-01,P-0025,S-002,C-00031,Online,4,102.92,88.74
SO-100632,2025-12-15,P-0013,S-002,C-00493,Online,1,299.27,0.0
SO-100632,2025-12-15,P-0024,S-002,C-00493,Online,4,286.61,0.0
SO-100633,2026-05-29,P-0027,S-010,C-00038,Store,1,32.99,2.58
SO-100633,2026-05-29,P-0020,S-010,C-00038,Store,2,241.58,79.16
SO-100633,2026-05-29,P-0028,S-010,C-00038,Store,4,100.98,34.93
SO-100633,2026-05-29,P-0006,S-010,C-00038,Store,2,389.38,0.0
SO-100634,2026-05-28,P-0015,S-008,C-00211,Online,1,252.84,20.52
SO-100634,2026-05-28,P-0026,S-008,C-00211,Online,1,7.84,0.0
SO-100634,2026-05-28,P-0021,S-008,C-00211,Online,2,100.14,0.0
SO-100635,2025-12-03,P-0018,S-007,C-00349,Store,5,176.73,0.0
SO-100635,2025-12-03,P-0023,S-007,C-00349,Store,2,109.7,0.0
SO-100635,2025-12-03,P-0027,S-007,C-00349,Store,2,32.99,4.51
SO-100635,2025-12-03,P-0009,S-007,C-00349,Store,4,269.72,0.0
SO-100636,2026-01-02,P-0008,S-007,C-00317,Online,4,155.15,123.62
SO-100637,2026-04-23,P-0016,S-002,C-00419,Online,4,240.38,202.56
SO-100637,2026-04-23,P-0011,S-002,C-00419,Online,4,329.61,94.51
SO-100637,2026-04-23,P-0021,S-002,C-00419,Online,1,100.14,0.0
SO-100637,2026-04-23,P-0013,S-002,C-00419,Online,3,299.27,95.56
SO-100638,2026-04-18,P-0025,S-004,C-00306,Store,3,102.92,27.89
SO-100639,2025-12-09,P-0019,S-002,C-00292,Store,4,348.85,157.56
SO-100640,2026-02-18,P-0013,S-006,C-00385,Store,3,299.27,0.0
SO-100640,2026-02-18,P-0017,S-006,C-00385,Store,3,274.28,0.0
SO-100640,2026-02-18,P-0007,S-006,C-00385,Store,1,283.31,0.0
SO-100641,2026-04-08,P-0016,S-003,C-00013,Store,3,240.38,134.47
SO-100641,2026-04-08,P-0019,S-003,C-00013,Store,1,348.85,0.0
SO-100641,2026-04-08,P-0028,S-003,C-00013,Store,1,100.98,0.0
SO-100641,2026-04-08,P-0002,S-003,C-00013,Store,2,42.01,0.0
SO-100642,2026-05-24,P-0015,S-012,C-00083,Online,3,252.84,132.51
SO-100642,2026-05-24,P-0026,S-012,C-00083,Online,4,7.84,6.04
SO-100642,2026-05-24,P-0005,S-012,C-00083,Online,4,146.8,146.45
SO-100643,2026-05-05,P-0004,S-003,C-00291,Store,3,114.76,0.0
SO-100643,2026-05-05,P-0026,S-003,C-00291,Store,1,7.84,0.0
SO-100643,2026-05-05,P-0001,S-003,C-00291,Store,4,93.17,0.0
SO-100643,2026-05-05,P-0005,S-003,C-00291,Store,3,146.8,46.69
SO-100644,2026-03-04,P-0009,S-002,C-00092,Store,4,269.72,0.0
SO-100644,2026-03-04,P-0016,S-002,C-00092,Store,2,240.38,0.0
SO-100644,2026-03-04,P-0025,S-002,C-00092,Store,5,102.92,0.0
SO-100644,2026-03-04,P-0029,S-002,C-00092,Store,3,144.95,0.0
SO-100645,2026-03-13,P-0015,S-010,C-00470,Store,5,252.84,0.0
SO-100645,2026-03-13,P-0012,S-010,C-00470,Store,3,88.99,0.0
SO-100646,2026-05-24,P-0020,S-008,C-00135,Store,1,241.58,0.0
SO-100647,2026-02-01,P-0028,S-009,C-00005,Online,3,100.98,0.0
SO-100647,2026-02-01,P-0004,S-009,C-00005,Online,5,114.76,0.0
SO-100648,2025-12-19,P-0012,S-008,C-00343,Store,4,88.99,0.0
SO-100649,2026-04-16,P-0006,S-008,C-00056,Online,1,389.38,0.0
SO-100650,2026-03-12,P-0003,S-004,C-00206,Online,4,92.07,73.01
SO-100650,2026-03-12,P-0011,S-004,C-00206,Online,1,329.61,19.0
SO-100650,2026-03-12,P-0020,S-004,C-00206,Online,2,241.58,0.0
SO-100651,2026-01-07,P-0020,S-006,C-00291,Online,4,241.58,204.58
SO-100652,2026-03-21,P-0028,S-004,C-00028,Online,4,100.98,71.55
SO-100652,2026-03-21,P-0001,S-004,C-00028,Online,1,93.17,9.76
SO-100653,2025-12-21,P-0017,S-012,C-00232,Store,3,274.28,49.99
SO-100653,2025-12-21,P-0007,S-012,C-00232,Store,4,283.31,0.0
SO-100653,2025-12-21,P-0022,S-012,C-00232,Store,3,391.3,140.7
SO-100653,2025-12-21,P-0029,S-012,C-00232,Store,4,144.95,0.0
SO-100654,2026-04-17,P-0012,S-003,C-00495,Online,4,88.99,0.0
SO-100654,2026-04-17,P-0030,S-003,C-00495,Online,5,28.94,0.0
SO-100654,2026-04-17,P-0023,S-003,C-00495,Online,5,109.7,106.71
SO-100654,2026-04-17,P-0019,S-003,C-00495,Online,5,348.85,0.0
SO-100655,2026-02-21,P-0001,S-012,C-00381,Online,4,93.17,0.0
SO-100655,2026-02-21,P-0005,S-012,C-00381,Online,4,146.8,0.0
SO-100655,2026-02-21,P-0029,S-012,C-00381,Online,1,144.95,0.0
SO-100656,2026-05-22,P-0015,S-009,C-00370,Store,2,252.84,0.0
SO-100657,2026-05-13,P-0024,S-002,C-00019,Online,4,286.61,0.0
SO-100657,2026-05-13,P-0007,S-002,C-00019,Online,2,283.31,0.0
SO-100658,2026-01-25,P-0012,S-004,C-00498,Store,3,88.99,61.22
SO-100659,2026-04-08,P-0021,S-002,C-00359,Online,3,100.14,0.0
SO-100659,2026-04-08,P-0015,S-002,C-00359,Online,4,252.84,0.0
SO-100659,2026-04-08,P-0014,S-002,C-00359,Online,3,398.94,101.92
SO-100659,2026-04-08,P-0012,S-002,C-00359,Online,4,88.99,0.0
SO-100660,2026-04-21,P-0010,S-009,C-00224,Store,4,69.54,0.0
SO-100660,2026-04-21,P-0028,S-009,C-00224,Store,5,100.98,0.0
SO-100660,2026-04-21,P-0022,S-009,C-00224,Store,1,391.3,0.0
SO-100660,2026-04-21,P-0023,S-009,C-00224,Store,1,109.7,5.85
SO-100661,2026-03-16,P-0021,S-012,C-00385,Store,4,100.14,0.0
SO-100662,2025-12-09,P-0025,S-007,C-00109,Online,5,102.92,0.0
SO-100662,2025-12-09,P-0015,S-007,C-00109,Online,2,252.84,0.0
SO-100663,2026-01-01,P-0001,S-008,C-00212,Store,5,93.17,105.25
SO-100663,2026-01-01,P-0012,S-008,C-00212,Store,3,88.99,0.0
SO-100663,2026-01-01,P-0026,S-008,C-00212,Store,4,7.84,0.0
SO-100663,2026-01-01,P-0008,S-008,C-00212,Store,1,155.15,0.0
SO-100664,2026-03-17,P-0027,S-001,C-00079,Store,5,32.99,0.0
SO-100664,2026-03-17,P-0017,S-001,C-00079,Store,2,274.28,0.0
SO-100664,2026-03-17,P-0024,S-001,C-00079,Store,4,286.61,280.53
SO-100665,2026-01-19,P-0026,S-007,C-00425,Online,5,7.84,0.0
SO-100666,2026-05-12,P-0029,S-012,C-00089,Store,4,144.95,111.32
SO-100666,2026-05-12,P-0011,S-012,C-00089,Store,2,329.61,0.0
SO-100666,2026-05-12,P-0017,S-012,C-00089,Store,5,274.28,0.0
SO-100666,2026-05-12,P-0006,S-012,C-00089,Store,3,389.38,0.0
SO-100667,2026-01-10,P-0001,S-004,C-00048,Online,4,93.17,76.03
SO-100668,2026-01-09,P-0019,S-012,C-00279,Store,4,348.85,274.66
SO-100669,2026-03-27,P-0021,S-006,C-00096,Online,2,100.14,31.46
SO-100669,2026-03-27,P-0029,S-006,C-00096,Online,2,144.95,0.0
SO-100670,2026-03-07,P-0003,S-011,C-00027,Online,1,92.07,0.0
SO-100670,2026-03-07,P-0030,S-011,C-00027,Online,5,28.94,0.0
SO-100670,2026-03-07,P-0005,S-011,C-00027,Online,1,146.8,0.0
SO-100671,2026-05-02,P-0029,S-003,C-00145,Store,1,144.95,0.0
SO-100671,2026-05-02,P-0006,S-003,C-00145,Store,3,389.38,0.0
SO-100671,2026-05-02,P-0003,S-003,C-00145,Store,2,92.07,0.0
SO-100672,2026-04-05,P-0021,S-007,C-00038,Online,4,100.14,0.0
SO-100672,2026-04-05,P-0003,S-007,C-00038,Online,3,92.07,0.0
SO-100672,2026-04-05,P-0007,S-007,C-00038,Online,4,283.31,0.0
SO-100672,2026-04-05,P-0022,S-007,C-00038,Online,2,391.3,180.57
SO-100673,2026-05-18,P-0004,S-010,C-00438,Store,3,114.76,0.0
SO-100674,2026-04-03,P-0006,S-010,C-00280,Online,5,389.38,0.0
SO-100675,2026-01-01,P-0017,S-001,C-00275,Store,5,274.28,0.0
SO-100676,2026-01-25,P-0001,S-002,C-00461,Online,2,93.17,36.44
SO-100676,2026-01-25,P-0011,S-002,C-00461,Online,2,329.61,96.45
SO-100677,2025-12-24,P-0015,S-009,C-00334,Store,4,252.84,0.0
SO-100677,2025-12-24,P-0024,S-009,C-00334,Store,4,286.61,0.0
SO-100677,2025-12-24,P-0026,S-009,C-00334,Store,3,7.84,4.41
SO-100678,2026-02-10,P-0006,S-002,C-00299,Online,4,389.38,0.0
SO-100678,2026-02-10,P-0026,S-002,C-00299,Online,4,7.84,0.0
SO-100678,2026-02-10,P-0007,S-002,C-00299,Online,3,283.31,0.0
SO-100679,2026-05-09,P-0019,S-007,C-00220,Store,3,348.85,0.0
SO-100679,2026-05-09,P-0012,S-007,C-00220,Store,1,88.99,0.0
SO-100680,2025-12-09,P-0010,S-005,C-00301,Online,5,69.54,0.0
SO-100680,2025-12-09,P-0020,S-005,C-00301,Online,1,241.58,51.17
SO-100680,2025-12-09,P-0027,S-005,C-00301,Online,4,32.99,0.0
SO-100680,2025-12-09,P-0029,S-005,C-00301,Online,3,144.95,40.46
SO-100681,2026-03-06,P-0011,S-006,C-00063,Store,1,329.61,0.0
SO-100682,2026-01-24,P-0018,S-006,C-00461,Store,4,176.73,65.34
SO-100682,2026-01-24,P-0003,S-006,C-00461,Store,2,92.07,19.45
SO-100683,2026-05-05,P-0022,S-011,C-00039,Online,3,391.3,70.35
SO-100683,2026-05-05,P-0025,S-011,C-00039,Online,4,102.92,0.0
SO-100683,2026-05-05,P-0014,S-011,C-00039,Online,3,398.94,0.0
SO-100683,2026-05-05,P-0011,S-011,C-00039,Online,1,329.61,0.0
SO-100684,2026-05-03,P-0010,S-007,C-00122,Store,1,69.54,0.0
SO-100685,2026-04-27,P-0027,S-008,C-00146,Online,1,32.99,0.0
SO-100685,2026-04-27,P-0013,S-008,C-00146,Online,5,299.27,267.78
SO-100686,2025-12-18,P-0009,S-007,C-00371,Store,3,269.72,0.0
SO-100686,2025-12-18,P-0011,S-007,C-00371,Store,5,329.61,0.0
SO-100686,2025-12-18,P-0025,S-007,C-00371,Store,4,102.92,0.0
SO-100687,2026-03-11,P-0027,S-008,C-00253,Store,3,32.99,0.0
SO-100688,2025-12-27,P-0005,S-001,C-00423,Store,1,146.8,0.0
SO-100689,2026-05-26,P-0007,S-004,C-00088,Online,3,283.31,0.0
SO-100690,2026-04-17,P-0009,S-012,C-00445,Online,1,269.72,64.58
SO-100691,2025-12-20,P-0009,S-012,C-00314,Store,2,269.72,0.0
SO-100691,2025-12-20,P-0023,S-012,C-00314,Store,1,109.7,24.39
SO-100691,2025-12-20,P-0006,S-012,C-00314,Store,5,389.38,0.0
SO-100691,2025-12-20,P-0030,S-012,C-00314,Store,4,28.94,0.0
SO-100692,2026-05-21,P-0022,S-009,C-00124,Store,4,391.3,160.84
SO-100692,2026-05-21,P-0016,S-009,C-00124,Store,3,240.38,0.0
SO-100692,2026-05-21,P-0009,S-009,C-00124,Store,3,269.72,0.0
SO-100692,2026-05-21,P-0011,S-009,C-00124,Store,2,329.61,0.0
SO-100693,2026-01-22,P-0002,S-002,C-00498,Online,2,42.01,0.0
SO-100693,2026-01-22,P-0007,S-002,C-00498,Online,4,283.31,80.35
SO-100693,2026-01-22,P-0001,S-002,C-00498,Online,2,93.17,0.0
SO-100693,2026-01-22,P-0022,S-002,C-00498,Online,5,391.3,0.0
SO-100694,2026-02-19,P-0021,S-005,C-00363,Online,1,100.14,0.0
SO-100694,2026-02-19,P-0005,S-005,C-00363,Online,2,146.8,0.0
SO-100694,2026-02-19,P-0028,S-005,C-00363,Online,4,100.98,0.0
SO-100694,2026-02-19,P-0017,S-005,C-00363,Online,5,274.28,0.0
SO-100695,2026-03-13,P-0022,S-005,C-00217,Store,5,391.3,0.0
SO-100695,2026-03-13,P-0010,S-005,C-00217,Store,2,69.54,0.0
SO-100696,2025-12-28,P-0006,S-004,C-00009,Online,5,389.38,0.0
SO-100696,2025-12-28,P-0009,S-004,C-00009,Online,3,269.72,129.51
SO-100696,2025-12-28,P-0001,S-004,C-00009,Online,3,93.17,0.0
SO-100696,2025-12-28,P-0016,S-004,C-00009,Online,2,240.38,0.0
SO-100697,2026-03-21,P-0012,S-001,C-00226,Store,4,88.99,0.0
SO-100697,2026-03-21,P-0004,S-001,C-00226,Store,4,114.76,40.34
SO-100697,2026-03-21,P-0002,S-001,C-00226,Store,2,42.01,0.0
SO-100698,2026-04-15,P-0022,S-009,C-00222,Online,1,391.3,0.0
SO-100699,2025-12-29,P-0019,S-001,C-00459,Store,3,348.85,163.71
SO-100700,2026-02-09,P-0013,S-010,C-00359,Store,3,299.27,0.0
SO-100700,2026-02-09,P-0004,S-010,C-00359,Store,2,114.76,0.0
SO-100700,2026-02-09,P-0008,S-010,C-00359,Store,3,155.15,0.0
SO-100700,2026-02-09,P-0024,S-010,C-00359,Store,5,286.61,72.54
SO-100701,2026-01-17,P-0024,S-012,C-00319,Store,2,286.61,106.78
SO-100701,2026-01-17,P-0010,S-012,C-00319,Store,2,69.54,31.98
SO-100701,2026-01-17,P-0028,S-012,C-00319,Store,2,100.98,0.0
SO-100701,2026-01-17,P-0030,S-012,C-00319,Store,4,28.94,0.0
SO-100702,2025-12-06,P-0006,S-005,C-00452,Store,1,389.38,0.0
SO-100703,2026-04-01,P-0016,S-008,C-00448,Store,1,240.38,0.0
SO-100703,2026-04-01,P-0004,S-008,C-00448,Store,5,114.76,0.0
SO-100704,2026-02-13,P-0025,S-009,C-00258,Online,1,102.92,21.69
SO-100704,2026-02-13,P-0005,S-009,C-00258,Online,3,146.8,0.0
SO-100705,2026-02-28,P-0009,S-005,C-00340,Online,3,269.72,0.0
SO-100705,2026-02-28,P-0012,S-005,C-00340,Online,3,88.99,0.0
SO-100705,2026-02-28,P-0015,S-005,C-00340,Online,5,252.84,0.0
SO-100705,2026-02-28,P-0001,S-005,C-00340,Online,3,93.17,0.0
SO-100706,2026-05-13,P-0022,S-007,C-00439,Store,3,391.3,0.0
SO-100706,2026-05-13,P-0005,S-007,C-00439,Store,2,146.8,0.0
SO-100707,2026-05-28,P-0007,S-006,C-00106,Online,4,283.31,0.0
SO-100708,2026-02-09,P-0029,S-011,C-00279,Online,3,144.95,0.0
SO-100708,2026-02-09,P-0017,S-011,C-00279,Online,4,274.28,0.0
SO-100708,2026-02-09,P-0006,S-011,C-00279,Online,3,389.38,0.0
SO-100708,2026-02-09,P-0009,S-011,C-00279,Online,1,269.72,0.0
SO-100709,2026-05-29,P-0026,S-010,C-00063,Store,3,7.84,1.22
SO-100709,2026-05-29,P-0015,S-010,C-00063,Store,2,252.84,0.0
SO-100709,2026-05-29,P-0019,S-010,C-00063,Store,2,348.85,0.0
SO-100709,2026-05-29,P-0012,S-010,C-00063,Store,3,88.99,0.0
SO-100710,2026-05-20,P-0026,S-008,C-00148,Store,3,7.84,1.37
SO-100711,2026-02-11,P-0010,S-002,C-00028,Online,1,69.54,5.39
SO-100711,2026-02-11,P-0001,S-002,C-00028,Online,3,93.17,0.0
SO-100711,2026-02-11,P-0014,S-002,C-00028,Online,5,398.94,0.0
SO-100711,2026-02-11,P-0012,S-002,C-00028,Online,5,88.99,29.9
SO-100712,2026-02-08,P-0019,S-012,C-00101,Store,2,348.85,165.07
SO-100712,2026-02-08,P-0030,S-012,C-00101,Store,2,28.94,0.0
SO-100712,2026-02-08,P-0003,S-012,C-00101,Store,4,92.07,0.0
SO-100712,2026-02-08,P-0010,S-012,C-00101,Store,1,69.54,0.0
SO-100713,2026-02-16,P-0022,S-003,C-00289,Store,5,391.3,398.21
SO-100713,2026-02-16,P-0029,S-003,C-00289,Store,3,144.95,69.95
SO-100713,2026-02-16,P-0011,S-003,C-00289,Store,3,329.61,0.0
SO-100713,2026-02-16,P-0026,S-003,C-00289,Store,3,7.84,0.0
SO-100714,2026-05-10,P-0004,S-003,C-00193,Store,3,114.76,0.0
SO-100714,2026-05-10,P-0005,S-003,C-00193,Store,3,146.8,0.0
SO-100714,2026-05-10,P-0017,S-003,C-00193,Store,4,274.28,0.0
SO-100714,2026-05-10,P-0015,S-003,C-00193,Store,4,252.84,0.0
SO-100715,2026-04-23,P-0020,S-007,C-00046,Store,3,241.58,0.0
SO-100715,2026-04-23,P-0030,S-007,C-00046,Store,5,28.94,0.0
SO-100716,2026-01-02,P-0002,S-010,C-00450,Online,4,42.01,30.92
SO-100716,2026-01-02,P-0025,S-010,C-00450,Online,4,102.92,0.0
SO-100716,2026-01-02,P-0028,S-010,C-00450,Online,5,100.98,0.0
SO-100717,2025-12-14,P-0011,S-005,C-00425,Store,5,329.61,178.18
SO-100718,2026-04-03,P-0023,S-001,C-00063,Online,2,109.7,0.0
SO-100719,2026-04-23,P-0029,S-008,C-00070,Online,2,144.95,0.0
SO-100719,2026-04-23,P-0022,S-008,C-00070,Online,3,391.3,0.0
SO-100720,2025-12-02,P-0004,S-010,C-00353,Online,1,114.76,25.93
SO-100720,2025-12-02,P-0003,S-010,C-00353,Online,5,92.07,41.83
SO-100721,2026-04-01,P-0002,S-009,C-00228,Store,4,42.01,0.0
SO-100721,2026-04-01,P-0030,S-009,C-00228,Store,2,28.94,0.0
SO-100721,2026-04-01,P-0004,S-009,C-00228,Store,5,114.76,99.01
SO-100721,2026-04-01,P-0010,S-009,C-00228,Store,4,69.54,0.0
SO-100722,2026-05-07,P-0006,S-003,C-00326,Store,2,389.38,0.0
SO-100723,2026-05-18,P-0016,S-009,C-00380,Store,3,240.38,0.0
SO-100723,2026-05-18,P-0010,S-009,C-00380,Store,5,69.54,0.0
SO-100724,2026-05-20,P-0015,S-007,C-00358,Store,4,252.84,0.0
SO-100725,2026-01-07,P-0001,S-008,C-00062,Store,5,93.17,0.0
SO-100725,2026-01-07,P-0019,S-008,C-00062,Store,3,348.85,0.0
SO-100725,2026-01-07,P-0010,S-008,C-00062,Store,4,69.54,0.0
SO-100725,2026-01-07,P-0002,S-008,C-00062,Store,4,42.01,41.4
SO-100726,2026-03-02,P-0029,S-009,C-00108,Store,4,144.95,0.0
SO-100726,2026-03-02,P-0023,S-009,C-00108,Store,2,109.7,0.0
SO-100726,2026-03-02,P-0017,S-009,C-00108,Store,3,274.28,0.0
SO-100727,2026-04-24,P-0009,S-012,C-00440,Store,3,269.72,0.0
SO-100727,2026-04-24,P-0026,S-012,C-00440,Store,1,7.84,0.0
SO-100728,2026-05-15,P-0019,S-008,C-00311,Store,5,348.85,0.0
SO-100728,2026-05-15,P-0023,S-008,C-00311,Store,5,109.7,103.97
SO-100729,2026-04-30,P-0003,S-006,C-00300,Online,2,92.07,33.71
SO-100729,2026-04-30,P-0002,S-006,C-00300,Online,4,42.01,0.0
SO-100729,2026-04-30,P-0001,S-006,C-00300,Online,4,93.17,0.0
SO-100729,2026-04-30,P-0028,S-006,C-00300,Online,2,100.98,0.0
SO-100730,2026-01-30,P-0025,S-003,C-00373,Store,1,102.92,0.0
SO-100730,2026-01-30,P-0014,S-003,C-00373,Store,1,398.94,79.78
SO-100730,2026-01-30,P-0030,S-003,C-00373,Store,4,28.94,0.0
SO-100730,2026-01-30,P-0003,S-003,C-00373,Store,5,92.07,0.0
SO-100731,2025-12-08,P-0013,S-006,C-00056,Online,5,299.27,150.38
SO-100731,2025-12-08,P-0005,S-006,C-00056,Online,4,146.8,0.0
SO-100731,2025-12-08,P-0021,S-006,C-00056,Online,2,100.14,16.51
SO-100731,2025-12-08,P-0019,S-006,C-00056,Online,5,348.85,0.0
SO-100732,2026-01-19,P-0007,S-001,C-00323,Store,1,283.31,0.0
SO-100733,2025-12-02,P-0011,S-007,C-00291,Store,2,329.61,0.0
SO-100734,2026-05-14,P-0019,S-004,C-00427,Store,4,348.85,0.0
SO-100734,2026-05-14,P-0027,S-004,C-00427,Store,3,32.99,0.0
SO-100735,2026-04-23,P-0021,S-002,C-00225,Online,5,100.14,103.38
SO-100735,2026-04-23,P-0013,S-002,C-00225,Online,3,299.27,134.44
SO-100735,2026-04-23,P-0028,S-002,C-00225,Online,1,100.98,0.0
SO-100735,2026-04-23,P-0003,S-002,C-00225,Online,3,92.07,59.18
SO-100736,2026-02-13,P-0003,S-005,C-00200,Online,3,92.07,45.59
SO-100736,2026-02-13,P-0028,S-005,C-00200,Online,5,100.98,0.0
SO-100736,2026-02-13,P-0006,S-005,C-00200,Online,5,389.38,0.0
SO-100737,2026-05-08,P-0019,S-012,C-00457,Store,4,348.85,0.0
SO-100738,2026-02-06,P-0009,S-001,C-00174,Online,1,269.72,43.0
SO-100738,2026-02-06,P-0007,S-001,C-00174,Online,3,283.31,0.0
SO-100738,2026-02-06,P-0011,S-001,C-00174,Online,1,329.61,21.29
SO-100738,2026-02-06,P-0029,S-001,C-00174,Online,5,144.95,0.0
SO-100739,2026-05-29,P-0014,S-001,C-00178,Online,5,398.94,0.0
SO-100740,2025-12-21,P-0009,S-008,C-00485,Online,1,269.72,40.27
SO-100740,2025-12-21,P-0024,S-008,C-00485,Online,2,286.61,0.0
SO-100741,2026-03-21,P-0001,S-004,C-00011,Store,2,93.17,0.0
SO-100742,2026-03-08,P-0002,S-012,C-00010,Online,2,42.01,0.0
SO-100742,2026-03-08,P-0013,S-012,C-00010,Online,4,299.27,0.0
SO-100742,2026-03-08,P-0025,S-012,C-00010,Online,1,102.92,0.0
SO-100742,2026-03-08,P-0023,S-012,C-00010,Online,5,109.7,0.0
SO-100743,2026-03-05,P-0008,S-006,C-00224,Store,2,155.15,16.14
SO-100744,2026-03-16,P-0026,S-009,C-00291,Online,1,7.84,0.0
SO-100745,2026-02-02,P-0015,S-002,C-00030,Online,3,252.84,90.97
SO-100745,2026-02-02,P-0006,S-002,C-00030,Online,2,389.38,0.0
SO-100746,2026-01-03,P-0022,S-008,C-00337,Online,1,391.3,93.0
SO-100747,2026-01-22,P-0029,S-012,C-00417,Store,2,144.95,0.0
SO-100747,2026-01-22,P-0030,S-012,C-00417,Store,3,28.94,0.0
SO-100747,2026-01-22,P-0028,S-012,C-00417,Store,5,100.98,91.25
SO-100748,2026-04-14,P-0002,S-006,C-00358,Online,3,42.01,0.0
SO-100749,2026-05-30,P-0007,S-008,C-00144,Online,2,283.31,0.0
SO-100750,2026-04-13,P-0004,S-012,C-00284,Store,2,114.76,22.27
SO-100750,2026-04-13,P-0012,S-012,C-00284,Store,4,88.99,0.0
SO-100751,2026-03-27,P-0009,S-001,C-00256,Online,3,269.72,0.0
SO-100752,2026-02-15,P-0028,S-002,C-00031,Online,4,100.98,51.1
SO-100752,2026-02-15,P-0020,S-002,C-00031,Online,4,241.58,88.08
SO-100752,2026-02-15,P-0013,S-002,C-00031,Online,2,299.27,0.0
SO-100753,2026-04-16,P-0030,S-005,C-00017,Store,3,28.94,0.0
SO-100753,2026-04-16,P-0001,S-005,C-00017,Store,3,93.17,0.0
SO-100753,2026-04-16,P-0020,S-005,C-00017,Store,5,241.58,67.0
SO-100754,2026-05-09,P-0026,S-007,C-00401,Store,1,7.84,0.0
SO-100755,2026-05-23,P-0019,S-009,C-00238,Store,3,348.85,132.14
SO-100755,2026-05-23,P-0024,S-009,C-00238,Store,2,286.61,30.4
SO-100755,2026-05-23,P-0025,S-009,C-00238,Store,3,102.92,30.87
SO-100755,2026-05-23,P-0017,S-009,C-00238,Store,5,274.28,225.21
SO-100756,2025-12-10,P-0026,S-006,C-00138,Online,5,7.84,4.37
SO-100756,2025-12-10,P-0021,S-006,C-00138,Online,3,100.14,0.0
SO-100756,2025-12-10,P-0025,S-006,C-00138,Online,2,102.92,0.0
SO-100757,2025-12-05,P-0016,S-008,C-00019,Store,5,240.38,74.18
SO-100757,2025-12-05,P-0021,S-008,C-00019,Store,1,100.14,17.23
SO-100757,2025-12-05,P-0028,S-008,C-00019,Store,3,100.98,0.0
SO-100758,2026-03-23,P-0005,S-005,C-00133,Store,2,146.8,0.0
SO-100758,2026-03-23,P-0008,S-005,C-00133,Store,1,155.15,28.07
SO-100758,2026-03-23,P-0021,S-005,C-00133,Store,2,100.14,0.0
SO-100758,2026-03-23,P-0006,S-005,C-00133,Store,4,389.38,0.0
SO-100759,2025-12-11,P-0009,S-004,C-00032,Store,3,269.72,0.0
SO-100759,2025-12-11,P-0001,S-004,C-00032,Store,1,93.17,0.0
SO-100759,2025-12-11,P-0022,S-004,C-00032,Store,3,391.3,177.71
SO-100760,2025-12-29,P-0019,S-004,C-00105,Store,4,348.85,188.79
SO-100760,2025-12-29,P-0012,S-004,C-00105,Store,3,88.99,30.78
SO-100760,2025-12-29,P-0027,S-004,C-00105,Store,3,32.99,0.0
SO-100761,2026-03-15,P-0020,S-006,C-00241,Online,3,241.58,171.08
SO-100761,2026-03-15,P-0001,S-006,C-00241,Online,5,93.17,80.04
SO-100761,2026-03-15,P-0006,S-006,C-00241,Online,3,389.38,0.0
SO-100762,2026-04-10,P-0013,S-012,C-00177,Online,5,299.27,292.17
SO-100762,2026-04-10,P-0027,S-012,C-00177,Online,4,32.99,0.0
SO-100763,2026-05-16,P-0019,S-002,C-00491,Store,5,348.85,0.0
SO-100763,2026-05-16,P-0017,S-002,C-00491,Store,4,274.28,0.0
SO-100764,2026-01-01,P-0020,S-009,C-00409,Online,4,241.58,0.0
SO-100765,2026-04-13,P-0030,S-005,C-00100,Store,2,28.94,0.0
SO-100765,2026-04-13,P-0008,S-005,C-00100,Store,3,155.15,52.58
SO-100765,2026-04-13,P-0011,S-005,C-00100,Store,1,329.61,0.0
SO-100766,2026-03-24,P-0012,S-007,C-00186,Online,5,88.99,0.0
SO-100767,2026-03-03,P-0026,S-010,C-00118,Online,2,7.84,0.0
SO-100767,2026-03-03,P-0014,S-010,C-00118,Online,2,398.94,0.0
SO-100767,2026-03-03,P-0008,S-010,C-00118,Online,4,155.15,0.0
SO-100767,2026-03-03,P-0019,S-010,C-00118,Online,2,348.85,0.0
SO-100768,2026-02-12,P-0014,S-002,C-00042,Store,4,398.94,0.0
SO-100768,2026-02-12,P-0017,S-002,C-00042,Store,2,274.28,0.0
SO-100768,2026-02-12,P-0005,S-002,C-00042,Store,4,146.8,43.55
SO-100768,2026-02-12,P-0019,S-002,C-00042,Store,3,348.85,0.0
SO-100769,2026-03-31,P-0027,S-003,C-00446,Online,4,32.99,11.0
SO-100770,2025-12-19,P-0029,S-009,C-00471,Store,4,144.95,0.0
SO-100770,2025-12-19,P-0014,S-009,C-00471,Store,2,398.94,0.0
SO-100770,2025-12-19,P-0012,S-009,C-00471,Store,1,88.99,0.0
SO-100770,2025-12-19,P-0005,S-009,C-00471,Store,3,146.8,0.0
SO-100771,2026-05-07,P-0024,S-012,C-00024,Store,3,286.61,0.0
SO-100772,2026-03-15,P-0010,S-012,C-00428,Online,2,69.54,0.0
SO-100772,2026-03-15,P-0025,S-012,C-00428,Online,5,102.92,0.0
SO-100772,2026-03-15,P-0016,S-012,C-00428,Online,5,240.38,275.38
SO-100772,2026-03-15,P-0023,S-012,C-00428,Online,5,109.7,0.0
SO-100773,2026-05-22,P-0006,S-007,C-00165,Online,3,389.38,0.0
SO-100773,2026-05-22,P-0017,S-007,C-00165,Online,1,274.28,40.77
SO-100773,2026-05-22,P-0024,S-007,C-00165,Online,1,286.61,0.0
SO-100773,2026-05-22,P-0019,S-007,C-00165,Online,5,348.85,0.0
SO-100774,2026-03-20,P-0005,S-007,C-00164,Store,2,146.8,0.0
SO-100774,2026-03-20,P-0002,S-007,C-00164,Store,3,42.01,0.0
SO-100775,2026-05-07,P-0004,S-006,C-00146,Store,3,114.76,0.0
SO-100775,2026-05-07,P-0010,S-006,C-00146,Store,2,69.54,0.0
SO-100776,2026-02-12,P-0030,S-005,C-00311,Online,2,28.94,0.0
SO-100777,2026-01-06,P-0001,S-009,C-00430,Store,1,93.17,0.0
SO-100777,2026-01-06,P-0020,S-009,C-00430,Store,5,241.58,0.0
SO-100778,2026-01-19,P-0010,S-001,C-00190,Store,4,69.54,0.0
SO-100778,2026-01-19,P-0019,S-001,C-00190,Store,5,348.85,245.54
SO-100779,2025-12-29,P-0016,S-002,C-00228,Online,2,240.38,0.0
SO-100779,2025-12-29,P-0009,S-002,C-00228,Online,1,269.72,0.0
SO-100779,2025-12-29,P-0003,S-002,C-00228,Online,1,92.07,0.0
SO-100779,2025-12-29,P-0028,S-002,C-00228,Online,2,100.98,0.0
SO-100780,2026-02-22,P-0021,S-006,C-00142,Store,1,100.14,0.0
SO-100780,2026-02-22,P-0024,S-006,C-00142,Store,3,286.61,0.0
SO-100780,2026-02-22,P-0017,S-006,C-00142,Store,1,274.28,0.0
SO-100780,2026-02-22,P-0022,S-006,C-00142,Store,5,391.3,0.0
SO-100781,2026-04-22,P-0008,S-011,C-00019,Online,2,155.15,0.0
SO-100782,2026-01-26,P-0016,S-005,C-00241,Online,2,240.38,0.0
SO-100782,2026-01-26,P-0027,S-005,C-00241,Online,3,32.99,17.51
SO-100783,2025-12-23,P-0001,S-012,C-00384,Online,1,93.17,0.0
SO-100783,2025-12-23,P-0014,S-012,C-00384,Online,5,398.94,170.79
SO-100784,2026-03-18,P-0021,S-010,C-00195,Online,4,100.14,0.0
SO-100784,2026-03-18,P-0012,S-010,C-00195,Online,2,88.99,0.0
SO-100785,2026-01-29,P-0026,S-011,C-00249,Online,3,7.84,0.0
SO-100785,2026-01-29,P-0021,S-011,C-00249,Online,3,100.14,21.77
SO-100785,2026-01-29,P-0013,S-011,C-00249,Online,3,299.27,0.0
SO-100785,2026-01-29,P-0020,S-011,C-00249,Online,4,241.58,0.0
SO-100786,2026-05-19,P-0022,S-003,C-00238,Store,4,391.3,0.0
SO-100786,2026-05-19,P-0004,S-003,C-00238,Store,4,114.76,0.0
SO-100786,2026-05-19,P-0012,S-003,C-00238,Store,4,88.99,0.0
SO-100787,2026-05-25,P-0029,S-005,C-00138,Store,4,144.95,118.49
SO-100787,2026-05-25,P-0028,S-005,C-00138,Store,3,100.98,0.0
SO-100788,2026-03-16,P-0009,S-008,C-00218,Store,2,269.72,0.0
SO-100788,2026-03-16,P-0030,S-008,C-00218,Store,1,28.94,0.0
SO-100788,2026-03-16,P-0002,S-008,C-00218,Store,4,42.01,37.83
SO-100788,2026-03-16,P-0016,S-008,C-00218,Store,5,240.38,210.4
SO-100789,2026-05-07,P-0024,S-003,C-00310,Online,1,286.61,0.0
SO-100790,2025-12-24,P-0025,S-006,C-00468,Online,1,102.92,0.0
SO-100790,2025-12-24,P-0018,S-006,C-00468,Online,3,176.73,0.0
SO-100790,2025-12-24,P-0003,S-006,C-00468,Online,2,92.07,0.0
SO-100791,2026-03-12,P-0030,S-004,C-00149,Online,3,28.94,0.0
SO-100791,2026-03-12,P-0012,S-004,C-00149,Online,5,88.99,0.0
SO-100792,2025-12-04,P-0017,S-001,C-00387,Store,4,274.28,0.0
SO-100793,2025-12-11,P-0021,S-005,C-00013,Store,2,100.14,40.05
SO-100793,2025-12-11,P-0025,S-005,C-00013,Store,4,102.92,0.0
SO-100794,2026-01-03,P-0003,S-005,C-00442,Online,1,92.07,0.0
SO-100795,2026-05-30,P-0024,S-007,C-00011,Online,5,286.61,0.0
SO-100796,2026-01-08,P-0007,S-010,C-00406,Store,3,283.31,0.0
SO-100796,2026-01-08,P-0027,S-010,C-00406,Store,4,32.99,0.0
SO-100796,2026-01-08,P-0020,S-010,C-00406,Store,1,241.58,0.0
SO-100796,2026-01-08,P-0028,S-010,C-00406,Store,4,100.98,41.54
SO-100797,2026-05-17,P-0003,S-007,C-00150,Store,3,92.07,0.0
SO-100797,2026-05-17,P-0008,S-007,C-00150,Store,5,155.15,0.0
SO-100797,2026-05-17,P-0014,S-007,C-00150,Store,4,398.94,238.42
SO-100797,2026-05-17,P-0018,S-007,C-00150,Store,4,176.73,0.0
SO-100798,2026-04-19,P-0013,S-008,C-00115,Online,2,299.27,0.0
SO-100799,2026-04-02,P-0005,S-011,C-00160,Store,1,146.8,12.31
SO-100799,2026-04-02,P-0026,S-011,C-00160,Store,4,7.84,0.0
SO-100799,2026-04-02,P-0021,S-011,C-00160,Store,1,100.14,17.35
SO-100800,2026-04-01,P-0002,S-010,C-00390,Store,4,42.01,18.87
SO-100800,2026-04-01,P-0025,S-010,C-00390,Store,3,102.92,0.0
SO-100801,2025-12-10,P-0028,S-010,C-00307,Store,2,100.98,0.0
SO-100801,2025-12-10,P-0001,S-010,C-00307,Store,4,93.17,0.0
SO-100801,2025-12-10,P-0009,S-010,C-00307,Store,3,269.72,0.0
SO-100801,2025-12-10,P-0023,S-010,C-00307,Store,2,109.7,0.0
SO-100802,2026-05-31,P-0030,S-009,C-00440,Store,1,28.94,0.0
SO-100803,2025-12-20,P-0006,S-001,C-00083,Store,2,389.38,0.0
SO-100804,2025-12-30,P-0021,S-007,C-00254,Store,5,100.14,0.0
SO-100804,2025-12-30,P-0026,S-007,C-00254,Store,5,7.84,0.0
SO-100805,2025-12-03,P-0017,S-007,C-00151,Store,3,274.28,0.0
SO-100805,2025-12-03,P-0011,S-007,C-00151,Store,2,329.61,101.95
SO-100805,2025-12-03,P-0020,S-007,C-00151,Store,2,241.58,0.0
SO-100806,2026-03-06,P-0007,S-005,C-00242,Store,2,283.31,109.37
SO-100806,2026-03-06,P-0030,S-005,C-00242,Store,4,28.94,15.43
SO-100806,2026-03-06,P-0011,S-005,C-00242,Store,2,329.61,0.0
SO-100806,2026-03-06,P-0024,S-005,C-00242,Store,1,286.61,0.0
SO-100807,2026-01-18,P-0011,S-002,C-00276,Store,4,329.61,0.0
SO-100807,2026-01-18,P-0004,S-002,C-00276,Store,1,114.76,0.0
SO-100807,2026-01-18,P-0002,S-002,C-00276,Store,5,42.01,0.0
SO-100807,2026-01-18,P-0020,S-002,C-00276,Store,3,241.58,0.0
SO-100808,2026-01-19,P-0012,S-007,C-00300,Store,4,88.99,0.0
SO-100808,2026-01-19,P-0020,S-007,C-00300,Store,5,241.58,0.0
SO-100808,2026-01-19,P-0025,S-007,C-00300,Store,2,102.92,16.57
SO-100809,2026-01-25,P-0005,S-005,C-00289,Store,5,146.8,0.0
SO-100810,2026-03-09,P-0026,S-010,C-00310,Store,5,7.84,0.0
SO-100810,2026-03-09,P-0024,S-010,C-00310,Store,4,286.61,57.93
SO-100810,2026-03-09,P-0028,S-010,C-00310,Store,2,100.98,0.0
SO-100811,2025-12-24,P-0006,S-010,C-00076,Online,1,389.38,0.0
SO-100811,2025-12-24,P-0016,S-010,C-00076,Online,1,240.38,50.83
SO-100812,2026-03-19,P-0008,S-006,C-00155,Online,5,155.15,0.0
SO-100813,2026-03-09,P-0017,S-006,C-00160,Online,5,274.28,0.0
SO-100813,2026-03-09,P-0003,S-006,C-00160,Online,2,92.07,0.0
SO-100813,2026-03-09,P-0029,S-006,C-00160,Online,3,144.95,0.0
SO-100814,2026-03-22,P-0022,S-008,C-00356,Store,4,391.3,0.0
SO-100814,2026-03-22,P-0004,S-008,C-00356,Store,2,114.76,28.26
SO-100814,2026-03-22,P-0018,S-008,C-00356,Store,4,176.73,0.0
SO-100815,2026-02-27,P-0013,S-004,C-00316,Online,2,299.27,0.0
SO-100815,2026-02-27,P-0012,S-004,C-00316,Online,1,88.99,10.87
SO-100816,2026-01-19,P-0030,S-005,C-00169,Store,3,28.94,0.0
SO-100817,2026-04-08,P-0021,S-010,C-00140,Online,3,100.14,0.0
SO-100818,2026-03-12,P-0009,S-012,C-00361,Store,5,269.72,0.0
SO-100818,2026-03-12,P-0021,S-012,C-00361,Store,4,100.14,0.0
SO-100818,2026-03-12,P-0002,S-012,C-00361,Store,4,42.01,0.0
SO-100819,2026-04-01,P-0002,S-011,C-00385,Online,3,42.01,28.84
SO-100820,2026-01-09,P-0003,S-003,C-00446,Online,1,92.07,16.34
SO-100820,2026-01-09,P-0014,S-003,C-00446,Online,1,398.94,0.0
SO-100821,2026-04-19,P-0011,S-004,C-00336,Store,3,329.61,0.0
SO-100822,2026-01-13,P-0017,S-010,C-00370,Online,4,274.28,0.0
SO-100822,2026-01-13,P-0001,S-010,C-00370,Online,1,93.17,20.03
SO-100822,2026-01-13,P-0022,S-010,C-00370,Online,5,391.3,202.16
SO-100823,2026-01-14,P-0023,S-005,C-00312,Store,4,109.7,87.48
SO-100823,2026-01-14,P-0017,S-005,C-00312,Store,1,274.28,0.0
SO-100824,2026-04-23,P-0019,S-006,C-00239,Store,4,348.85,325.97
SO-100825,2026-01-16,P-0025,S-003,C-00163,Online,2,102.92,0.0
SO-100826,2026-01-25,P-0010,S-008,C-00042,Online,2,69.54,0.0
SO-100826,2026-01-25,P-0027,S-008,C-00042,Online,2,32.99,0.0
SO-100827,2026-03-08,P-0019,S-003,C-00143,Online,4,348.85,122.31
SO-100827,2026-03-08,P-0011,S-003,C-00143,Online,2,329.61,71.85
SO-100828,2026-05-28,P-0019,S-002,C-00251,Store,5,348.85,0.0
SO-100828,2026-05-28,P-0012,S-002,C-00251,Store,2,88.99,38.61
SO-100828,2026-05-28,P-0025,S-002,C-00251,Store,4,102.92,67.41
SO-100829,2026-05-29,P-0007,S-011,C-00416,Store,5,283.31,0.0
SO-100829,2026-05-29,P-0011,S-011,C-00416,Store,3,329.61,202.4
SO-100829,2026-05-29,P-0023,S-011,C-00416,Store,3,109.7,33.62
SO-100830,2025-12-30,P-0005,S-011,C-00096,Store,3,146.8,0.0
SO-100830,2025-12-30,P-0015,S-011,C-00096,Store,5,252.84,0.0
SO-100830,2025-12-30,P-0019,S-011,C-00096,Store,3,348.85,0.0
SO-100830,2025-12-30,P-0011,S-011,C-00096,Store,3,329.61,0.0
SO-100831,2025-12-03,P-0021,S-008,C-00172,Store,2,100.14,0.0
SO-100831,2025-12-03,P-0029,S-008,C-00172,Store,3,144.95,69.3
SO-100831,2025-12-03,P-0004,S-008,C-00172,Store,1,114.76,0.0
SO-100832,2026-05-07,P-0024,S-010,C-00356,Store,2,286.61,71.45
SO-100832,2026-05-07,P-0013,S-010,C-00356,Store,3,299.27,0.0
SO-100832,2026-05-07,P-0016,S-010,C-00356,Store,4,240.38,0.0
SO-100832,2026-05-07,P-0027,S-010,C-00356,Store,2,32.99,0.0
SO-100833,2026-04-09,P-0019,S-007,C-00397,Store,2,348.85,0.0
SO-100833,2026-04-09,P-0013,S-007,C-00397,Store,3,299.27,0.0
SO-100833,2026-04-09,P-0001,S-007,C-00397,Store,5,93.17,113.89
SO-100834,2026-01-05,P-0003,S-006,C-00404,Store,3,92.07,0.0
SO-100835,2026-01-06,P-0015,S-008,C-00203,Online,2,252.84,42.69
SO-100835,2026-01-06,P-0001,S-008,C-00203,Online,3,93.17,27.18
SO-100836,2026-01-22,P-0022,S-012,C-00126,Store,3,391.3,96.1
SO-100836,2026-01-22,P-0018,S-012,C-00126,Store,1,176.73,0.0
SO-100837,2026-05-25,P-0022,S-004,C-00468,Store,2,391.3,0.0
SO-100837,2026-05-25,P-0013,S-004,C-00468,Store,1,299.27,0.0
SO-100837,2026-05-25,P-0027,S-004,C-00468,Store,3,32.99,0.0
SO-100837,2026-05-25,P-0015,S-004,C-00468,Store,2,252.84,0.0
SO-100838,2026-02-22,P-0020,S-011,C-00374,Online,3,241.58,0.0
SO-100838,2026-02-22,P-0013,S-011,C-00374,Online,5,299.27,339.85
SO-100838,2026-02-22,P-0018,S-011,C-00374,Online,2,176.73,0.0
SO-100838,2026-02-22,P-0003,S-011,C-00374,Online,3,92.07,0.0
SO-100839,2026-04-08,P-0030,S-010,C-00307,Online,2,28.94,0.0
SO-100839,2026-04-08,P-0003,S-010,C-00307,Online,1,92.07,12.62
SO-100839,2026-04-08,P-0021,S-010,C-00307,Online,3,100.14,0.0
SO-100839,2026-04-08,P-0008,S-010,C-00307,Online,2,155.15,0.0
SO-100840,2026-02-11,P-0002,S-011,C-00421,Store,2,42.01,0.0
SO-100840,2026-02-11,P-0009,S-011,C-00421,Store,5,269.72,0.0
SO-100840,2026-02-11,P-0014,S-011,C-00421,Store,4,398.94,0.0
SO-100840,2026-02-11,P-0006,S-011,C-00421,Store,3,389.38,0.0
SO-100841,2025-12-26,P-0006,S-007,C-00412,Online,3,389.38,176.85
SO-100842,2026-05-25,P-0014,S-008,C-00335,Store,4,398.94,282.17
SO-100842,2026-05-25,P-0025,S-008,C-00335,Store,5,102.92,0.0
SO-100842,2026-05-25,P-0002,S-008,C-00335,Store,4,42.01,0.0
SO-100842,2026-05-25,P-0010,S-008,C-00335,Store,4,69.54,0.0
SO-100843,2026-04-16,P-0014,S-002,C-00403,Online,4,398.94,0.0
SO-100843,2026-04-16,P-0018,S-002,C-00403,Online,1,176.73,20.75
SO-100844,2026-05-31,P-0014,S-004,C-00264,Store,1,398.94,59.01
SO-100844,2026-05-31,P-0002,S-004,C-00264,Store,3,42.01,21.41
SO-100844,2026-05-31,P-0015,S-004,C-00264,Store,3,252.84,89.12
SO-100844,2026-05-31,P-0010,S-004,C-00264,Store,3,69.54,0.0
SO-100845,2025-12-07,P-0014,S-003,C-00151,Store,3,398.94,68.37
SO-100845,2025-12-07,P-0001,S-003,C-00151,Store,1,93.17,0.0
SO-100845,2025-12-07,P-0015,S-003,C-00151,Store,1,252.84,0.0
SO-100846,2026-03-12,P-0005,S-002,C-00274,Store,2,146.8,0.0
SO-100847,2026-03-21,P-0023,S-006,C-00498,Online,5,109.7,0.0
SO-100847,2026-03-21,P-0020,S-006,C-00498,Online,1,241.58,30.09
SO-100847,2026-03-21,P-0008,S-006,C-00498,Online,2,155.15,0.0
SO-100847,2026-03-21,P-0030,S-006,C-00498,Online,1,28.94,0.0
SO-100848,2025-12-21,P-0014,S-011,C-00384,Store,2,398.94,0.0
SO-100848,2025-12-21,P-0013,S-011,C-00384,Store,3,299.27,0.0
SO-100848,2025-12-21,P-0001,S-011,C-00384,Store,1,93.17,0.0
SO-100849,2026-03-21,P-0010,S-004,C-00293,Online,5,69.54,0.0
SO-100849,2026-03-21,P-0020,S-004,C-00293,Online,2,241.58,0.0
SO-100849,2026-03-21,P-0017,S-004,C-00293,Online,1,274.28,0.0
SO-100850,2026-04-01,P-0009,S-007,C-00141,Store,1,269.72,0.0
SO-100850,2026-04-01,P-0017,S-007,C-00141,Store,2,274.28,0.0
SO-100851,2026-02-08,P-0022,S-004,C-00010,Store,5,391.3,0.0
SO-100851,2026-02-08,P-0005,S-004,C-00010,Store,3,146.8,41.82
SO-100851,2026-02-08,P-0009,S-004,C-00010,Store,3,269.72,139.4
SO-100851,2026-02-08,P-0015,S-004,C-00010,Store,5,252.84,0.0
SO-100852,2026-04-30,P-0016,S-010,C-00169,Store,3,240.38,0.0
SO-100852,2026-04-30,P-0030,S-010,C-00169,Store,3,28.94,0.0
SO-100852,2026-04-30,P-0018,S-010,C-00169,Store,2,176.73,0.0
SO-100852,2026-04-30,P-0001,S-010,C-00169,Store,4,93.17,70.64
SO-100853,2026-05-22,P-0021,S-007,C-00017,Store,4,100.14,0.0
SO-100854,2026-02-27,P-0010,S-012,C-00272,Store,4,69.54,0.0
SO-100854,2026-02-27,P-0025,S-012,C-00272,Store,1,102.92,17.19
SO-100854,2026-02-27,P-0011,S-012,C-00272,Store,5,329.61,0.0
SO-100855,2026-03-21,P-0018,S-001,C-00385,Store,2,176.73,0.0
SO-100855,2026-03-21,P-0024,S-001,C-00385,Store,5,286.61,245.66
SO-100855,2026-03-21,P-0016,S-001,C-00385,Store,1,240.38,22.51
SO-100856,2025-12-29,P-0025,S-003,C-00443,Store,4,102.92,0.0
SO-100856,2025-12-29,P-0024,S-003,C-00443,Store,3,286.61,0.0
SO-100857,2026-03-18,P-0021,S-005,C-00164,Online,3,100.14,0.0
SO-100857,2026-03-18,P-0004,S-005,C-00164,Online,5,114.76,0.0
SO-100857,2026-03-18,P-0022,S-005,C-00164,Online,4,391.3,0.0
SO-100858,2026-03-29,P-0013,S-008,C-00081,Store,1,299.27,0.0
SO-100858,2026-03-29,P-0010,S-008,C-00081,Store,3,69.54,0.0
SO-100859,2026-05-17,P-0014,S-002,C-00197,Store,5,398.94,342.97
SO-100859,2026-05-17,P-0007,S-002,C-00197,Store,5,283.31,0.0
SO-100859,2026-05-17,P-0021,S-002,C-00197,Store,5,100.14,0.0
SO-100859,2026-05-17,P-0001,S-002,C-00197,Store,4,93.17,0.0
SO-100860,2026-02-22,P-0022,S-003,C-00292,Online,5,391.3,0.0
SO-100860,2026-02-22,P-0003,S-003,C-00292,Online,4,92.07,0.0
SO-100860,2026-02-22,P-0012,S-003,C-00292,Online,2,88.99,0.0
SO-100860,2026-02-22,P-0001,S-003,C-00292,Online,2,93.17,0.0
SO-100861,2026-01-31,P-0011,S-012,C-00472,Store,3,329.61,55.55
SO-100861,2026-01-31,P-0005,S-012,C-00472,Store,5,146.8,0.0
SO-100862,2026-02-01,P-0015,S-008,C-00124,Online,1,252.84,0.0
SO-100862,2026-02-01,P-0017,S-008,C-00124,Online,3,274.28,0.0
SO-100863,2026-01-10,P-0001,S-012,C-00493,Store,1,93.17,0.0
SO-100864,2026-03-15,P-0003,S-008,C-00442,Online,5,92.07,94.52
SO-100864,2026-03-15,P-0026,S-008,C-00442,Online,5,7.84,0.0
SO-100864,2026-03-15,P-0014,S-008,C-00442,Online,4,398.94,0.0
SO-100864,2026-03-15,P-0009,S-008,C-00442,Online,1,269.72,34.98
SO-100865,2025-12-11,P-0014,S-012,C-00475,Store,3,398.94,0.0
SO-100865,2025-12-11,P-0026,S-012,C-00475,Store,5,7.84,0.0
SO-100865,2025-12-11,P-0004,S-012,C-00475,Store,1,114.76,0.0
SO-100865,2025-12-11,P-0005,S-012,C-00475,Store,3,146.8,0.0
SO-100866,2026-02-25,P-0007,S-004,C-00408,Store,1,283.31,0.0
SO-100866,2026-02-25,P-0009,S-004,C-00408,Store,4,269.72,0.0
SO-100866,2026-02-25,P-0004,S-004,C-00408,Store,3,114.76,0.0
SO-100866,2026-02-25,P-0011,S-004,C-00408,Store,4,329.61,0.0
SO-100867,2026-03-26,P-0025,S-010,C-00141,Online,2,102.92,22.17
SO-100868,2026-01-26,P-0010,S-010,C-00186,Online,5,69.54,0.0
SO-100868,2026-01-26,P-0023,S-010,C-00186,Online,4,109.7,0.0
SO-100868,2026-01-26,P-0006,S-010,C-00186,Online,3,389.38,246.52
SO-100869,2026-01-02,P-0009,S-005,C-00440,Store,2,269.72,0.0
SO-100869,2026-01-02,P-0021,S-005,C-00440,Store,2,100.14,0.0
SO-100869,2026-01-02,P-0008,S-005,C-00440,Store,3,155.15,0.0
SO-100869,2026-01-02,P-0001,S-005,C-00440,Store,5,93.17,0.0
SO-100870,2026-04-12,P-0012,S-010,C-00461,Store,2,88.99,0.0
SO-100870,2026-04-12,P-0021,S-010,C-00461,Store,5,100.14,0.0
SO-100871,2026-03-06,P-0028,S-008,C-00332,Store,4,100.98,92.67
SO-100871,2026-03-06,P-0017,S-008,C-00332,Store,1,274.28,0.0
SO-100872,2025-12-17,P-0005,S-005,C-00106,Store,5,146.8,0.0
SO-100872,2025-12-17,P-0009,S-005,C-00106,Store,1,269.72,0.0
SO-100873,2026-03-02,P-0027,S-010,C-00468,Store,5,32.99,0.0
SO-100874,2026-01-21,P-0011,S-001,C-00205,Store,5,329.61,264.77
SO-100875,2026-04-16,P-0026,S-009,C-00447,Online,1,7.84,0.0
SO-100876,2026-04-13,P-0023,S-005,C-00409,Store,2,109.7,42.45
SO-100876,2026-04-13,P-0030,S-005,C-00409,Store,2,28.94,9.95
SO-100877,2026-04-21,P-0029,S-012,C-00098,Store,2,144.95,0.0
SO-100878,2025-12-16,P-0015,S-004,C-00300,Store,1,252.84,0.0
SO-100878,2025-12-16,P-0004,S-004,C-00300,Store,1,114.76,8.41
SO-100878,2025-12-16,P-0018,S-004,C-00300,Store,1,176.73,0.0
SO-100878,2025-12-16,P-0029,S-004,C-00300,Store,1,144.95,0.0
SO-100879,2026-01-25,P-0019,S-005,C-00292,Store,4,348.85,0.0
SO-100880,2025-12-29,P-0019,S-008,C-00399,Online,5,348.85,0.0
SO-100880,2025-12-29,P-0026,S-008,C-00399,Online,1,7.84,1.03
SO-100881,2026-02-08,P-0017,S-003,C-00169,Store,5,274.28,144.08
SO-100881,2026-02-08,P-0010,S-003,C-00169,Store,5,69.54,0.0
SO-100881,2026-02-08,P-0021,S-003,C-00169,Store,4,100.14,80.64
SO-100881,2026-02-08,P-0009,S-003,C-00169,Store,2,269.72,0.0
SO-100882,2026-02-20,P-0006,S-009,C-00241,Online,3,389.38,259.8
SO-100882,2026-02-20,P-0003,S-009,C-00241,Online,3,92.07,0.0
SO-100882,2026-02-20,P-0025,S-009,C-00241,Online,5,102.92,0.0
SO-100882,2026-02-20,P-0014,S-009,C-00241,Online,2,398.94,0.0
SO-100883,2026-01-29,P-0025,S-009,C-00157,Store,1,102.92,0.0
SO-100883,2026-01-29,P-0017,S-009,C-00157,Store,5,274.28,252.86
SO-100883,2026-01-29,P-0016,S-009,C-00157,Store,3,240.38,146.59
SO-100884,2026-01-13,P-0011,S-010,C-00340,Online,4,329.61,0.0
SO-100884,2026-01-13,P-0017,S-010,C-00340,Online,4,274.28,0.0
SO-100885,2026-02-07,P-0012,S-005,C-00242,Store,3,88.99,0.0
SO-100885,2026-02-07,P-0005,S-005,C-00242,Store,3,146.8,0.0
SO-100885,2026-02-07,P-0010,S-005,C-00242,Store,4,69.54,0.0
SO-100886,2026-03-17,P-0012,S-007,C-00029,Store,4,88.99,0.0
SO-100886,2026-03-17,P-0021,S-007,C-00029,Store,1,100.14,0.0
SO-100886,2026-03-17,P-0026,S-007,C-00029,Store,2,7.84,3.03
SO-100886,2026-03-17,P-0005,S-007,C-00029,Store,3,146.8,0.0
SO-100887,2025-12-07,P-0026,S-007,C-00167,Store,5,7.84,0.0
SO-100887,2025-12-07,P-0007,S-007,C-00167,Store,3,283.31,83.83
SO-100888,2026-02-22,P-0002,S-012,C-00304,Online,4,42.01,41.57
SO-100888,2026-02-22,P-0025,S-012,C-00304,Online,5,102.92,0.0
SO-100888,2026-02-22,P-0022,S-012,C-00304,Online,1,391.3,46.38
SO-100888,2026-02-22,P-0013,S-012,C-00304,Online,5,299.27,0.0
SO-100889,2026-02-11,P-0011,S-003,C-00451,Store,4,329.61,0.0
SO-100890,2026-01-08,P-0015,S-010,C-00103,Store,2,252.84,0.0
SO-100891,2026-04-19,P-0023,S-005,C-00286,Online,1,109.7,0.0
SO-100891,2026-04-19,P-0001,S-005,C-00286,Online,3,93.17,0.0
SO-100891,2026-04-19,P-0005,S-005,C-00286,Online,3,146.8,0.0
SO-100892,2026-03-25,P-0015,S-004,C-00095,Online,3,252.84,185.3
SO-100892,2026-03-25,P-0008,S-004,C-00095,Online,3,155.15,92.87
SO-100892,2026-03-25,P-0012,S-004,C-00095,Online,1,88.99,15.88
SO-100893,2026-03-20,P-0027,S-008,C-00409,Store,5,32.99,40.9
SO-100894,2026-03-06,P-0026,S-007,C-00017,Store,3,7.84,0.0
SO-100894,2026-03-06,P-0018,S-007,C-00017,Store,1,176.73,0.0
SO-100894,2026-03-06,P-0016,S-007,C-00017,Store,5,240.38,194.3
SO-100895,2025-12-29,P-0019,S-009,C-00434,Store,4,348.85,0.0
SO-100896,2026-01-18,P-0015,S-011,C-00221,Online,2,252.84,0.0
SO-100896,2026-01-18,P-0029,S-011,C-00221,Online,1,144.95,23.92
SO-100896,2026-01-18,P-0024,S-011,C-00221,Online,4,286.61,0.0
SO-100897,2026-05-27,P-0013,S-007,C-00456,Online,5,299.27,261.47
SO-100898,2026-03-10,P-0005,S-004,C-00166,Store,5,146.8,0.0
SO-100898,2026-03-10,P-0009,S-004,C-00166,Store,3,269.72,0.0
SO-100898,2026-03-10,P-0028,S-004,C-00166,Store,2,100.98,0.0
SO-100898,2026-03-10,P-0008,S-004,C-00166,Store,5,155.15,0.0
SO-100899,2026-04-27,P-0006,S-003,C-00106,Store,5,389.38,0.0
SO-100899,2026-04-27,P-0004,S-003,C-00106,Store,1,114.76,0.0
SO-100899,2026-04-27,P-0001,S-003,C-00106,Store,5,93.17,0.0
SO-100900,2025-12-18,P-0022,S-006,C-00476,Store,2,391.3,0.0
SO-100900,2025-12-18,P-0007,S-006,C-00476,Store,4,283.31,0.0
SO-100901,2026-01-29,P-0001,S-004,C-00396,Online,4,93.17,89.3
SO-100901,2026-01-29,P-0005,S-004,C-00396,Online,1,146.8,0.0
SO-100901,2026-01-29,P-0029,S-004,C-00396,Online,2,144.95,0.0
SO-100902,2026-03-25,P-0019,S-004,C-00106,Store,2,348.85,0.0
SO-100902,2026-03-25,P-0027,S-004,C-00106,Store,5,32.99,0.0
SO-100902,2026-03-25,P-0004,S-004,C-00106,Store,1,114.76,10.55
SO-100902,2026-03-25,P-0003,S-004,C-00106,Store,4,92.07,0.0
SO-100903,2026-03-02,P-0007,S-006,C-00213,Online,5,283.31,0.0
SO-100903,2026-03-02,P-0003,S-006,C-00213,Online,3,92.07,0.0
SO-100904,2026-03-27,P-0013,S-007,C-00412,Store,3,299.27,0.0
SO-100904,2026-03-27,P-0028,S-007,C-00412,Store,1,100.98,0.0
SO-100904,2026-03-27,P-0004,S-007,C-00412,Store,3,114.76,65.5
SO-100904,2026-03-27,P-0012,S-007,C-00412,Store,4,88.99,0.0
SO-100905,2025-12-05,P-0002,S-005,C-00374,Online,2,42.01,4.36
SO-100905,2025-12-05,P-0005,S-005,C-00374,Online,5,146.8,138.74
SO-100905,2025-12-05,P-0028,S-005,C-00374,Online,1,100.98,21.25
SO-100906,2026-05-19,P-0014,S-010,C-00213,Store,2,398.94,0.0
SO-100906,2026-05-19,P-0006,S-010,C-00213,Store,2,389.38,0.0
SO-100907,2026-05-21,P-0001,S-002,C-00403,Store,2,93.17,0.0
SO-100907,2026-05-21,P-0016,S-002,C-00403,Store,3,240.38,0.0
SO-100908,2026-02-06,P-0011,S-001,C-00402,Online,1,329.61,0.0
SO-100909,2025-12-09,P-0002,S-003,C-00468,Online,5,42.01,0.0
SO-100909,2025-12-09,P-0018,S-003,C-00468,Online,2,176.73,18.73
SO-100909,2025-12-09,P-0013,S-003,C-00468,Online,2,299.27,148.22
SO-100909,2025-12-09,P-0025,S-003,C-00468,Online,1,102.92,0.0
SO-100910,2026-03-29,P-0028,S-009,C-00226,Online,1,100.98,0.0
SO-100910,2026-03-29,P-0020,S-009,C-00226,Online,4,241.58,0.0
SO-100911,2026-02-04,P-0020,S-011,C-00277,Store,1,241.58,0.0
SO-100911,2026-02-04,P-0022,S-011,C-00277,Store,5,391.3,183.64
SO-100911,2026-02-04,P-0023,S-011,C-00277,Store,2,109.7,0.0
SO-100912,2026-01-06,P-0023,S-002,C-00381,Store,4,109.7,75.91
SO-100913,2026-02-02,P-0011,S-003,C-00374,Store,5,329.61,0.0
SO-100913,2026-02-02,P-0023,S-003,C-00374,Store,5,109.7,0.0
SO-100913,2026-02-02,P-0015,S-003,C-00374,Store,3,252.84,0.0
SO-100914,2026-01-03,P-0019,S-006,C-00339,Store,1,348.85,0.0
SO-100914,2026-01-03,P-0024,S-006,C-00339,Store,4,286.61,0.0
SO-100915,2026-01-20,P-0027,S-001,C-00074,Online,2,32.99,7.56
SO-100916,2026-04-26,P-0015,S-006,C-00097,Store,5,252.84,0.0
SO-100916,2026-04-26,P-0007,S-006,C-00097,Store,3,283.31,0.0
SO-100916,2026-04-26,P-0020,S-006,C-00097,Store,5,241.58,0.0
SO-100916,2026-04-26,P-0009,S-006,C-00097,Store,3,269.72,0.0
SO-100917,2026-01-17,P-0022,S-008,C-00396,Store,5,391.3,403.8
SO-100917,2026-01-17,P-0004,S-008,C-00396,Store,4,114.76,0.0
SO-100917,2026-01-17,P-0028,S-008,C-00396,Store,5,100.98,48.18
SO-100917,2026-01-17,P-0011,S-008,C-00396,Store,4,329.61,0.0
SO-100918,2025-12-31,P-0010,S-005,C-00065,Store,5,69.54,0.0
SO-100918,2025-12-31,P-0015,S-005,C-00065,Store,1,252.84,0.0
SO-100918,2025-12-31,P-0014,S-005,C-00065,Store,5,398.94,426.88
SO-100919,2026-04-10,P-0007,S-011,C-00114,Store,3,283.31,0.0
SO-100920,2026-01-08,P-0026,S-009,C-00269,Store,5,7.84,0.0
SO-100921,2026-01-28,P-0006,S-009,C-00086,Online,2,389.38,0.0
SO-100921,2026-01-28,P-0004,S-009,C-00086,Online,5,114.76,135.49
SO-100921,2026-01-28,P-0022,S-009,C-00086,Online,2,391.3,0.0
SO-100922,2026-05-06,P-0013,S-004,C-00143,Store,3,299.27,0.0
SO-100923,2026-04-13,P-0005,S-008,C-00240,Online,1,146.8,28.14
SO-100923,2026-04-13,P-0024,S-008,C-00240,Online,3,286.61,169.12
SO-100923,2026-04-13,P-0010,S-008,C-00240,Online,5,69.54,0.0
SO-100924,2025-12-16,P-0027,S-003,C-00074,Online,2,32.99,0.0
SO-100924,2025-12-16,P-0006,S-003,C-00074,Online,2,389.38,0.0
SO-100924,2025-12-16,P-0025,S-003,C-00074,Online,4,102.92,0.0
SO-100924,2025-12-16,P-0026,S-003,C-00074,Online,2,7.84,0.0
SO-100925,2025-12-19,P-0004,S-005,C-00072,Store,2,114.76,18.01
SO-100925,2025-12-19,P-0024,S-005,C-00072,Store,3,286.61,0.0
SO-100925,2025-12-19,P-0019,S-005,C-00072,Store,1,348.85,0.0
SO-100925,2025-12-19,P-0022,S-005,C-00072,Store,5,391.3,0.0
SO-100926,2025-12-27,P-0022,S-010,C-00242,Online,3,391.3,0.0
SO-100926,2025-12-27,P-0015,S-010,C-00242,Online,5,252.84,0.0
SO-100927,2026-03-27,P-0002,S-012,C-00175,Store,3,42.01,18.06
SO-100927,2026-03-27,P-0013,S-012,C-00175,Store,5,299.27,287.23
SO-100927,2026-03-27,P-0027,S-012,C-00175,Store,4,32.99,0.0
SO-100928,2026-01-27,P-0008,S-002,C-00375,Store,4,155.15,0.0
SO-100928,2026-01-27,P-0028,S-002,C-00375,Store,4,100.98,0.0
SO-100928,2026-01-27,P-0022,S-002,C-00375,Store,1,391.3,0.0
SO-100929,2026-02-10,P-0021,S-012,C-00142,Online,4,100.14,0.0
SO-100929,2026-02-10,P-0017,S-012,C-00142,Online,3,274.28,0.0
SO-100929,2026-02-10,P-0011,S-012,C-00142,Online,1,329.61,63.49
SO-100930,2026-04-04,P-0022,S-008,C-00114,Store,4,391.3,0.0
SO-100930,2026-04-04,P-0009,S-008,C-00114,Store,5,269.72,0.0
SO-100930,2026-04-04,P-0004,S-008,C-00114,Store,5,114.76,0.0
SO-100930,2026-04-04,P-0025,S-008,C-00114,Store,4,102.92,29.46
SO-100931,2026-05-14,P-0025,S-010,C-00049,Online,2,102.92,0.0
SO-100932,2026-05-22,P-0023,S-010,C-00216,Online,4,109.7,0.0
SO-100932,2026-05-22,P-0024,S-010,C-00216,Online,5,286.61,0.0
SO-100932,2026-05-22,P-0002,S-010,C-00216,Online,1,42.01,0.0
SO-100932,2026-05-22,P-0012,S-010,C-00216,Online,4,88.99,0.0
SO-100933,2025-12-07,P-0004,S-003,C-00013,Store,4,114.76,0.0
SO-100933,2025-12-07,P-0010,S-003,C-00013,Store,4,69.54,0.0
SO-100933,2025-12-07,P-0030,S-003,C-00013,Store,3,28.94,0.0
SO-100934,2026-05-24,P-0026,S-004,C-00142,Store,3,7.84,0.0
SO-100934,2026-05-24,P-0002,S-004,C-00142,Store,2,42.01,17.15
SO-100934,2026-05-24,P-0011,S-004,C-00142,Store,5,329.61,0.0
SO-100934,2026-05-24,P-0015,S-004,C-00142,Store,4,252.84,0.0
SO-100935,2026-01-14,P-0020,S-002,C-00171,Online,2,241.58,0.0
SO-100935,2026-01-14,P-0018,S-002,C-00171,Online,3,176.73,103.06
SO-100935,2026-01-14,P-0024,S-002,C-00171,Online,4,286.61,0.0
SO-100936,2026-04-07,P-0028,S-007,C-00104,Online,3,100.98,0.0
SO-100936,2026-04-07,P-0023,S-007,C-00104,Online,4,109.7,0.0
SO-100936,2026-04-07,P-0016,S-007,C-00104,Online,2,240.38,0.0
SO-100937,2026-02-21,P-0030,S-004,C-00298,Store,5,28.94,23.44
SO-100937,2026-02-21,P-0017,S-004,C-00298,Store,2,274.28,0.0
SO-100937,2026-02-21,P-0023,S-004,C-00298,Store,1,109.7,7.47
SO-100938,2026-05-03,P-0005,S-011,C-00208,Online,5,146.8,0.0
SO-100938,2026-05-03,P-0023,S-011,C-00208,Online,2,109.7,0.0
SO-100938,2026-05-03,P-0011,S-011,C-00208,Online,1,329.61,0.0
SO-100939,2026-02-14,P-0015,S-002,C-00166,Online,1,252.84,20.48
SO-100939,2026-02-14,P-0027,S-002,C-00166,Online,3,32.99,9.39
SO-100940,2026-05-27,P-0015,S-004,C-00449,Online,2,252.84,55.3
SO-100940,2026-05-27,P-0021,S-004,C-00449,Online,1,100.14,0.0
SO-100941,2026-04-03,P-0014,S-007,C-00285,Online,5,398.94,0.0
SO-100941,2026-04-03,P-0006,S-007,C-00285,Online,5,389.38,0.0
SO-100942,2026-03-10,P-0026,S-012,C-00408,Online,3,7.84,0.0
SO-100942,2026-03-10,P-0009,S-012,C-00408,Online,2,269.72,0.0
SO-100942,2026-03-10,P-0014,S-012,C-00408,Online,3,398.94,225.77
SO-100943,2026-02-21,P-0004,S-012,C-00127,Online,5,114.76,0.0
SO-100943,2026-02-21,P-0030,S-012,C-00127,Online,5,28.94,0.0
SO-100944,2026-05-04,P-0015,S-006,C-00368,Store,5,252.84,0.0
SO-100944,2026-05-04,P-0009,S-006,C-00368,Store,4,269.72,0.0
SO-100945,2026-04-07,P-0001,S-002,C-00489,Store,4,93.17,0.0
SO-100945,2026-04-07,P-0018,S-002,C-00489,Store,1,176.73,0.0
SO-100946,2026-04-02,P-0003,S-003,C-00033,Online,5,92.07,105.56
SO-100946,2026-04-02,P-0024,S-003,C-00033,Online,1,286.61,0.0
SO-100946,2026-04-02,P-0009,S-003,C-00033,Online,4,269.72,0.0
SO-100947,2026-01-04,P-0010,S-004,C-00339,Online,3,69.54,0.0
SO-100947,2026-01-04,P-0018,S-004,C-00339,Online,5,176.73,0.0
SO-100947,2026-01-04,P-0023,S-004,C-00339,Online,5,109.7,0.0
SO-100947,2026-01-04,P-0022,S-004,C-00339,Online,2,391.3,0.0
SO-100948,2026-05-24,P-0023,S-001,C-00498,Store,3,109.7,0.0
SO-100949,2025-12-19,P-0024,S-009,C-00212,Online,2,286.61,0.0
SO-100949,2025-12-19,P-0007,S-009,C-00212,Online,2,283.31,0.0
SO-100950,2025-12-08,P-0011,S-008,C-00374,Online,1,329.61,43.08
SO-100951,2026-05-29,P-0013,S-007,C-00413,Online,3,299.27,100.77
SO-100951,2026-05-29,P-0023,S-007,C-00413,Online,2,109.7,0.0
SO-100951,2026-05-29,P-0016,S-007,C-00413,Online,3,240.38,0.0
SO-100951,2026-05-29,P-0005,S-007,C-00413,Online,2,146.8,26.46
SO-100952,2026-02-28,P-0015,S-011,C-00042,Online,5,252.84,285.53
SO-100952,2026-02-28,P-0025,S-011,C-00042,Online,1,102.92,0.0
SO-100952,2026-02-28,P-0004,S-011,C-00042,Online,1,114.76,0.0
SO-100953,2025-12-25,P-0011,S-009,C-00007,Store,4,329.61,0.0
SO-100954,2026-04-25,P-0007,S-002,C-00490,Store,5,283.31,0.0
SO-100954,2026-04-25,P-0021,S-002,C-00490,Store,5,100.14,59.61
SO-100955,2026-05-24,P-0029,S-010,C-00192,Online,2,144.95,0.0
SO-100955,2026-05-24,P-0015,S-010,C-00192,Online,4,252.84,58.41
SO-100956,2026-04-17,P-0030,S-002,C-00414,Online,3,28.94,0.0
SO-100956,2026-04-17,P-0010,S-002,C-00414,Online,5,69.54,0.0
SO-100956,2026-04-17,P-0004,S-002,C-00414,Online,1,114.76,0.0
SO-100957,2026-05-04,P-0015,S-010,C-00472,Store,5,252.84,0.0
SO-100957,2026-05-04,P-0030,S-010,C-00472,Store,4,28.94,0.0
SO-100957,2026-05-04,P-0022,S-010,C-00472,Store,5,391.3,194.17
SO-100958,2026-01-06,P-0002,S-008,C-00097,Store,5,42.01,32.34
SO-100958,2026-01-06,P-0012,S-008,C-00097,Store,3,88.99,0.0
SO-100958,2026-01-06,P-0030,S-008,C-00097,Store,5,28.94,0.0
SO-100958,2026-01-06,P-0016,S-008,C-00097,Store,5,240.38,0.0
SO-100959,2026-04-19,P-0015,S-005,C-00165,Online,2,252.84,88.63
SO-100959,2026-04-19,P-0025,S-005,C-00165,Online,4,102.92,0.0
SO-100960,2025-12-22,P-0018,S-008,C-00054,Store,4,176.73,0.0
SO-100960,2025-12-22,P-0016,S-008,C-00054,Store,3,240.38,0.0
SO-100960,2025-12-22,P-0020,S-008,C-00054,Store,1,241.58,0.0
SO-100961,2025-12-11,P-0021,S-002,C-00158,Store,1,100.14,0.0
SO-100961,2025-12-11,P-0011,S-002,C-00158,Store,1,329.61,0.0
SO-100962,2026-03-09,P-0024,S-009,C-00027,Store,5,286.61,0.0
SO-100962,2026-03-09,P-0017,S-009,C-00027,Store,1,274.28,0.0
SO-100962,2026-03-09,P-0028,S-009,C-00027,Store,1,100.98,0.0
SO-100962,2026-03-09,P-0006,S-009,C-00027,Store,2,389.38,0.0
SO-100963,2026-02-20,P-0019,S-004,C-00254,Store,5,348.85,408.88
SO-100963,2026-02-20,P-0021,S-004,C-00254,Store,2,100.14,0.0
SO-100964,2025-12-30,P-0022,S-001,C-00464,Online,3,391.3,0.0
SO-100964,2025-12-30,P-0027,S-001,C-00464,Online,4,32.99,0.0
SO-100965,2026-03-06,P-0005,S-007,C-00023,Online,2,146.8,0.0
SO-100965,2026-03-06,P-0020,S-007,C-00023,Online,3,241.58,0.0
SO-100966,2026-03-19,P-0007,S-012,C-00443,Online,3,283.31,0.0
SO-100966,2026-03-19,P-0029,S-012,C-00443,Online,1,144.95,0.0
SO-100966,2026-03-19,P-0021,S-012,C-00443,Online,4,100.14,0.0
SO-100967,2026-01-18,P-0021,S-008,C-00130,Online,4,100.14,81.48
SO-100968,2026-01-02,P-0004,S-004,C-00037,Online,2,114.76,0.0
SO-100969,2026-04-05,P-0024,S-009,C-00168,Store,4,286.61,123.0
SO-100969,2026-04-05,P-0009,S-009,C-00168,Store,5,269.72,272.68
SO-100970,2026-03-12,P-0018,S-004,C-00487,Online,4,176.73,108.61
SO-100971,2025-12-10,P-0002,S-002,C-00058,Store,4,42.01,34.03
SO-100971,2025-12-10,P-0027,S-002,C-00058,Store,1,32.99,5.71
SO-100972,2026-03-23,P-0022,S-008,C-00306,Online,5,391.3,0.0
SO-100973,2026-01-18,P-0019,S-012,C-00163,Online,1,348.85,0.0
SO-100974,2026-02-26,P-0012,S-005,C-00472,Online,2,88.99,0.0
SO-100974,2026-02-26,P-0015,S-005,C-00472,Online,1,252.84,0.0
SO-100975,2026-01-09,P-0006,S-009,C-00033,Online,2,389.38,0.0
SO-100975,2026-01-09,P-0021,S-009,C-00033,Online,4,100.14,55.32
SO-100976,2026-02-01,P-0005,S-005,C-00286,Online,3,146.8,82.33
SO-100976,2026-02-01,P-0018,S-005,C-00286,Online,4,176.73,0.0
SO-100977,2025-12-05,P-0012,S-003,C-00371,Online,1,88.99,0.0
SO-100977,2025-12-05,P-0002,S-003,C-00371,Online,1,42.01,0.0
SO-100977,2025-12-05,P-0005,S-003,C-00371,Online,5,146.8,93.59
SO-100978,2026-04-25,P-0019,S-004,C-00391,Store,5,348.85,313.57
SO-100979,2026-04-01,P-0022,S-011,C-00198,Online,4,391.3,0.0
SO-100979,2026-04-01,P-0020,S-011,C-00198,Online,2,241.58,0.0
SO-100979,2026-04-01,P-0013,S-011,C-00198,Online,5,299.27,368.14
SO-100980,2026-05-12,P-0008,S-003,C-00233,Store,2,155.15,0.0
SO-100980,2026-05-12,P-0005,S-003,C-00233,Store,4,146.8,0.0
SO-100980,2026-05-12,P-0010,S-003,C-00233,Store,2,69.54,0.0
SO-100981,2025-12-06,P-0015,S-005,C-00074,Store,4,252.84,0.0
SO-100982,2026-04-18,P-0007,S-007,C-00065,Online,4,283.31,0.0
SO-100982,2026-04-18,P-0013,S-007,C-00065,Online,4,299.27,0.0
SO-100982,2026-04-18,P-0014,S-007,C-00065,Online,4,398.94,0.0
SO-100983,2026-02-25,P-0008,S-007,C-00069,Store,2,155.15,0.0
SO-100983,2026-02-25,P-0007,S-007,C-00069,Store,5,283.31,0.0
SO-100984,2026-03-29,P-0007,S-007,C-00192,Store,4,283.31,204.49
SO-100984,2026-03-29,P-0013,S-007,C-00192,Store,3,299.27,0.0
SO-100984,2026-03-29,P-0005,S-007,C-00192,Store,5,146.8,0.0
SO-100985,2026-01-21,P-0022,S-009,C-00456,Store,5,391.3,0.0
SO-100985,2026-01-21,P-0013,S-009,C-00456,Store,4,299.27,109.28
SO-100986,2026-04-25,P-0021,S-005,C-00382,Online,5,100.14,0.0
SO-100986,2026-04-25,P-0013,S-005,C-00382,Online,2,299.27,67.81
SO-100987,2026-02-01,P-0011,S-003,C-00391,Online,5,329.61,0.0
SO-100987,2026-02-01,P-0020,S-003,C-00391,Online,1,241.58,0.0
SO-100987,2026-02-01,P-0030,S-003,C-00391,Online,1,28.94,1.5
SO-100987,2026-02-01,P-0025,S-003,C-00391,Online,1,102.92,0.0
SO-100988,2025-12-24,P-0007,S-006,C-00104,Store,1,283.31,0.0
SO-100988,2025-12-24,P-0010,S-006,C-00104,Store,3,69.54,0.0
SO-100989,2026-03-25,P-0010,S-012,C-00090,Store,5,69.54,78.62
SO-100989,2026-03-25,P-0004,S-012,C-00090,Store,2,114.76,0.0
SO-100989,2026-03-25,P-0026,S-012,C-00090,Store,5,7.84,0.0
SO-100990,2026-03-15,P-0023,S-009,C-00322,Store,2,109.7,0.0
SO-100990,2026-03-15,P-0009,S-009,C-00322,Store,2,269.72,0.0
SO-100990,2026-03-15,P-0028,S-009,C-00322,Store,1,100.98,0.0
SO-100990,2026-03-15,P-0029,S-009,C-00322,Store,2,144.95,0.0
SO-100991,2026-04-01,P-0019,S-003,C-00393,Store,3,348.85,0.0
SO-100992,2026-04-29,P-0016,S-008,C-00458,Store,5,240.38,0.0
SO-100993,2026-02-25,P-0005,S-006,C-00036,Online,3,146.8,0.0
SO-100993,2026-02-25,P-0020,S-006,C-00036,Online,2,241.58,114.51
SO-100994,2026-05-21,P-0023,S-011,C-00165,Store,3,109.7,0.0
SO-100994,2026-05-21,P-0026,S-011,C-00165,Store,4,7.84,7.16
SO-100994,2026-05-21,P-0003,S-011,C-00165,Store,4,92.07,0.0
SO-100995,2026-03-04,P-0017,S-004,C-00263,Online,1,274.28,0.0
SO-100995,2026-03-04,P-0029,S-004,C-00263,Online,2,144.95,28.34
SO-100995,2026-03-04,P-0030,S-004,C-00263,Online,3,28.94,21.64
SO-100996,2026-02-25,P-0022,S-012,C-00389,Store,1,391.3,96.12
SO-100996,2026-02-25,P-0003,S-012,C-00389,Store,5,92.07,75.83
SO-100996,2026-02-25,P-0011,S-012,C-00389,Store,3,329.61,0.0
SO-100996,2026-02-25,P-0018,S-012,C-00389,Store,4,176.73,0.0
SO-100997,2025-12-10,P-0011,S-005,C-00357,Online,4,329.61,0.0
SO-100997,2025-12-10,P-0012,S-005,C-00357,Online,3,88.99,31.84
SO-100997,2025-12-10,P-0026,S-005,C-00357,Online,3,7.84,0.0
SO-100997,2025-12-10,P-0017,S-005,C-00357,Online,4,274.28,73.14
SO-100998,2026-03-26,P-0028,S-002,C-00413,Online,1,100.98,7.64
SO-100998,2026-03-26,P-0017,S-002,C-00413,Online,1,274.28,23.43
SO-100998,2026-03-26,P-0029,S-002,C-00413,Online,1,144.95,30.48
SO-100999,2025-12-23,P-0024,S-001,C-00371,Online,3,286.61,0.0
SO-101000,2026-05-08,P-0021,S-010,C-00321,Store,1,100.14,0.0
SO-101000,2026-05-08,P-0028,S-010,C-00321,Store,1,100.98,0.0
SO-101000,2026-05-08,P-0011,S-010,C-00321,Store,2,329.61,0.0
SO-101000,2026-05-08,P-0026,S-010,C-00321,Store,1,7.84,1.52
SO-101001,2025-12-24,P-0002,S-011,C-00120,Store,1,42.01,0.0
SO-101001,2025-12-24,P-0023,S-011,C-00120,Store,5,109.7,117.11
SO-101002,2026-05-31,P-0016,S-010,C-00362,Online,5,240.38,0.0
SO-101002,2026-05-31,P-0010,S-010,C-00362,Online,1,69.54,0.0
SO-101003,2026-04-09,P-0009,S-003,C-00499,Store,5,269.72,0.0
SO-101003,2026-04-09,P-0005,S-003,C-00499,Store,2,146.8,0.0
SO-101004,2026-05-29,P-0025,S-004,C-00096,Online,4,102.92,0.0
SO-101004,2026-05-29,P-0008,S-004,C-00096,Online,5,155.15,102.75
SO-101004,2026-05-29,P-0006,S-004,C-00096,Online,3,389.38,117.04
SO-101005,2026-02-27,P-0010,S-009,C-00004,Online,1,69.54,10.35
SO-101005,2026-02-27,P-0025,S-009,C-00004,Online,1,102.92,0.0
SO-101005,2026-02-27,P-0006,S-009,C-00004,Online,4,389.38,316.0
SO-101006,2026-03-25,P-0011,S-012,C-00346,Store,5,329.61,0.0
SO-101007,2026-03-03,P-0019,S-010,C-00348,Online,3,348.85,0.0
SO-101008,2026-02-20,P-0012,S-012,C-00416,Store,4,88.99,0.0
SO-101008,2026-02-20,P-0016,S-012,C-00416,Store,2,240.38,40.44
SO-101008,2026-02-20,P-0010,S-012,C-00416,Store,3,69.54,0.0
SO-101008,2026-02-20,P-0025,S-012,C-00416,Store,4,102.92,0.0
SO-101009,2026-03-14,P-0005,S-008,C-00232,Store,4,146.8,0.0
SO-101009,2026-03-14,P-0024,S-008,C-00232,Store,1,286.61,0.0
SO-101010,2026-02-20,P-0012,S-011,C-00077,Store,2,88.99,42.57
SO-101010,2026-02-20,P-0001,S-011,C-00077,Store,2,93.17,23.9
SO-101010,2026-02-20,P-0014,S-011,C-00077,Store,2,398.94,71.45
SO-101010,2026-02-20,P-0026,S-011,C-00077,Store,4,7.84,0.0
SO-101011,2026-02-16,P-0007,S-009,C-00143,Online,5,283.31,0.0
SO-101011,2026-02-16,P-0016,S-009,C-00143,Online,4,240.38,0.0
SO-101012,2026-01-10,P-0004,S-011,C-00031,Store,4,114.76,0.0
SO-101012,2026-01-10,P-0003,S-011,C-00031,Store,2,92.07,43.95
SO-101012,2026-01-10,P-0011,S-011,C-00031,Store,2,329.61,0.0
SO-101013,2025-12-04,P-0021,S-011,C-00082,Online,5,100.14,0.0
SO-101013,2025-12-04,P-0010,S-011,C-00082,Online,1,69.54,0.0
SO-101013,2025-12-04,P-0022,S-011,C-00082,Online,5,391.3,381.42
SO-101014,2026-05-26,P-0003,S-006,C-00290,Online,4,92.07,87.99
SO-101014,2026-05-26,P-0001,S-006,C-00290,Online,2,93.17,0.0
SO-101014,2026-05-26,P-0015,S-006,C-00290,Online,3,252.84,0.0
SO-101014,2026-05-26,P-0012,S-006,C-00290,Online,4,88.99,0.0
SO-101015,2026-04-22,P-0029,S-006,C-00358,Store,3,144.95,0.0
SO-101015,2026-04-22,P-0005,S-006,C-00358,Store,5,146.8,0.0
SO-101016,2026-01-28,P-0016,S-010,C-00122,Online,4,240.38,0.0
SO-101016,2026-01-28,P-0019,S-010,C-00122,Online,3,348.85,0.0
SO-101017,2025-12-25,P-0003,S-003,C-00320,Store,4,92.07,0.0
SO-101017,2025-12-25,P-0017,S-003,C-00320,Store,3,274.28,105.25
SO-101017,2025-12-25,P-0016,S-003,C-00320,Store,2,240.38,0.0
SO-101018,2026-02-09,P-0016,S-006,C-00435,Online,2,240.38,24.33
SO-101019,2026-03-02,P-0026,S-008,C-00288,Online,3,7.84,0.0
SO-101019,2026-03-02,P-0009,S-008,C-00288,Online,3,269.72,0.0
SO-101020,2026-04-17,P-0010,S-011,C-00097,Store,1,69.54,0.0
SO-101021,2026-01-19,P-0026,S-009,C-00145,Store,4,7.84,0.0
SO-101021,2026-01-19,P-0013,S-009,C-00145,Store,1,299.27,27.19
SO-101022,2026-02-14,P-0003,S-011,C-00330,Store,2,92.07,0.0
SO-101022,2026-02-14,P-0012,S-011,C-00330,Store,4,88.99,0.0
SO-101022,2026-02-14,P-0015,S-011,C-00330,Store,5,252.84,0.0
SO-101022,2026-02-14,P-0025,S-011,C-00330,Store,3,102.92,32.33
SO-101023,2026-02-09,P-0006,S-010,C-00233,Store,3,389.38,0.0
SO-101023,2026-02-09,P-0019,S-010,C-00233,Store,1,348.85,40.23
SO-101023,2026-02-09,P-0005,S-010,C-00233,Store,4,146.8,0.0
SO-101024,2026-02-19,P-0021,S-007,C-00282,Online,4,100.14,0.0
SO-101025,2026-03-12,P-0021,S-010,C-00429,Store,3,100.14,0.0
SO-101026,2026-04-25,P-0016,S-009,C-00029,Store,1,240.38,16.93
SO-101026,2026-04-25,P-0003,S-009,C-00029,Store,2,92.07,0.0
SO-101027,2026-01-30,P-0011,S-006,C-00498,Store,3,329.61,0.0
SO-101027,2026-01-30,P-0003,S-006,C-00498,Store,4,92.07,0.0
SO-101027,2026-01-30,P-0014,S-006,C-00498,Store,1,398.94,0.0
SO-101028,2026-05-14,P-0027,S-012,C-00080,Online,2,32.99,0.0
SO-101029,2025-12-30,P-0002,S-005,C-00117,Online,5,42.01,37.51
SO-101029,2025-12-30,P-0021,S-005,C-00117,Online,2,100.14,0.0
SO-101030,2025-12-11,P-0028,S-004,C-00487,Store,5,100.98,0.0
SO-101030,2025-12-11,P-0005,S-004,C-00487,Store,4,146.8,0.0
SO-101031,2026-05-21,P-0016,S-009,C-00392,Store,4,240.38,0.0
SO-101031,2026-05-21,P-0001,S-009,C-00392,Store,1,93.17,5.33
SO-101031,2026-05-21,P-0022,S-009,C-00392,Store,2,391.3,0.0
SO-101032,2025-12-02,P-0017,S-002,C-00298,Store,2,274.28,0.0
SO-101032,2025-12-02,P-0029,S-002,C-00298,Store,2,144.95,0.0
SO-101032,2025-12-02,P-0027,S-002,C-00298,Store,5,32.99,26.6
SO-101033,2026-04-10,P-0011,S-004,C-00387,Store,3,329.61,0.0
SO-101033,2026-04-10,P-0007,S-004,C-00387,Store,3,283.31,0.0
SO-101033,2026-04-10,P-0029,S-004,C-00387,Store,4,144.95,0.0
SO-101034,2026-05-16,P-0004,S-007,C-00105,Online,4,114.76,0.0
SO-101034,2026-05-16,P-0002,S-007,C-00105,Online,2,42.01,13.78
SO-101035,2026-02-15,P-0012,S-011,C-00110,Online,2,88.99,0.0
SO-101035,2026-02-15,P-0015,S-011,C-00110,Online,3,252.84,41.54
SO-101035,2026-02-15,P-0002,S-011,C-00110,Online,1,42.01,3.62
SO-101036,2026-02-24,P-0015,S-012,C-00199,Store,2,252.84,0.0
SO-101036,2026-02-24,P-0013,S-012,C-00199,Store,4,299.27,0.0
SO-101036,2026-02-24,P-0020,S-012,C-00199,Store,3,241.58,0.0
SO-101037,2026-05-20,P-0029,S-004,C-00040,Online,1,144.95,0.0
SO-101038,2026-05-08,P-0030,S-001,C-00485,Store,4,28.94,0.0
SO-101038,2026-05-08,P-0001,S-001,C-00485,Store,5,93.17,0.0
SO-101038,2026-05-08,P-0010,S-001,C-00485,Store,1,69.54,6.47
SO-101039,2026-01-18,P-0003,S-012,C-00449,Online,1,92.07,5.25
SO-101039,2026-01-18,P-0009,S-012,C-00449,Online,1,269.72,0.0
SO-101039,2026-01-18,P-0014,S-012,C-00449,Online,3,398.94,0.0
SO-101040,2026-01-22,P-0029,S-011,C-00382,Store,4,144.95,42.05
SO-101041,2026-01-30,P-0009,S-010,C-00356,Store,5,269.72,0.0
SO-101041,2026-01-30,P-0001,S-010,C-00356,Store,2,93.17,24.13
SO-101041,2026-01-30,P-0023,S-010,C-00356,Store,4,109.7,65.59
SO-101042,2026-03-30,P-0022,S-001,C-00296,Store,1,391.3,0.0
SO-101043,2026-02-10,P-0026,S-012,C-00246,Online,1,7.84,0.0
SO-101043,2026-02-10,P-0009,S-012,C-00246,Online,2,269.72,75.3
SO-101044,2025-12-01,P-0018,S-001,C-00448,Online,2,176.73,0.0
SO-101044,2025-12-01,P-0023,S-001,C-00448,Online,1,109.7,7.42
SO-101044,2025-12-01,P-0016,S-001,C-00448,Online,3,240.38,0.0
SO-101044,2025-12-01,P-0026,S-001,C-00448,Online,4,7.84,0.0
SO-101045,2026-03-06,P-0011,S-006,C-00372,Online,3,329.61,0.0
SO-101045,2026-03-06,P-0024,S-006,C-00372,Online,5,286.61,0.0
SO-101046,2026-03-30,P-0022,S-005,C-00076,Online,4,391.3,157.52
SO-101046,2026-03-30,P-0018,S-005,C-00076,Online,2,176.73,0.0
SO-101046,2026-03-30,P-0014,S-005,C-00076,Online,3,398.94,0.0
SO-101046,2026-03-30,P-0012,S-005,C-00076,Online,4,88.99,0.0
SO-101047,2026-05-24,P-0020,S-001,C-00176,Store,5,241.58,0.0
SO-101047,2026-05-24,P-0011,S-001,C-00176,Store,2,329.61,0.0
SO-101048,2026-04-26,P-0003,S-004,C-00423,Store,1,92.07,0.0
SO-101048,2026-04-26,P-0027,S-004,C-00423,Store,5,32.99,11.67
SO-101048,2026-04-26,P-0014,S-004,C-00423,Store,1,398.94,63.87
SO-101048,2026-04-26,P-0029,S-004,C-00423,Store,2,144.95,0.0
SO-101049,2026-05-25,P-0011,S-006,C-00251,Online,3,329.61,0.0
SO-101050,2026-03-12,P-0024,S-007,C-00113,Store,1,286.61,51.24
SO-101050,2026-03-12,P-0014,S-007,C-00113,Store,2,398.94,0.0
SO-101050,2026-03-12,P-0023,S-007,C-00113,Store,2,109.7,0.0
SO-101051,2026-04-09,P-0023,S-008,C-00074,Online,3,109.7,43.19
SO-101052,2026-01-23,P-0001,S-002,C-00488,Store,1,93.17,20.08
SO-101052,2026-01-23,P-0010,S-002,C-00488,Store,1,69.54,9.77
SO-101053,2025-12-31,P-0001,S-006,C-00339,Store,3,93.17,0.0
SO-101053,2025-12-31,P-0023,S-006,C-00339,Store,2,109.7,0.0
SO-101053,2025-12-31,P-0020,S-006,C-00339,Store,5,241.58,0.0
SO-101053,2025-12-31,P-0010,S-006,C-00339,Store,4,69.54,0.0
SO-101054,2026-05-01,P-0011,S-008,C-00017,Store,4,329.61,0.0
SO-101054,2026-05-01,P-0012,S-008,C-00017,Store,4,88.99,0.0
SO-101054,2026-05-01,P-0001,S-008,C-00017,Store,1,93.17,0.0
SO-101054,2026-05-01,P-0009,S-008,C-00017,Store,5,269.72,0.0
SO-101055,2026-02-28,P-0013,S-011,C-00252,Online,1,299.27,0.0
SO-101056,2025-12-23,P-0008,S-009,C-00048,Store,1,155.15,0.0
SO-101057,2026-02-25,P-0010,S-008,C-00018,Store,4,69.54,36.75
SO-101057,2026-02-25,P-0018,S-008,C-00018,Store,1,176.73,0.0
SO-101057,2026-02-25,P-0025,S-008,C-00018,Store,5,102.92,0.0
SO-101058,2025-12-08,P-0015,S-008,C-00036,Online,5,252.84,0.0
SO-101058,2025-12-08,P-0009,S-008,C-00036,Online,5,269.72,0.0
SO-101059,2025-12-13,P-0006,S-002,C-00358,Store,2,389.38,132.56
SO-101059,2025-12-13,P-0029,S-002,C-00358,Store,4,144.95,46.94
SO-101059,2025-12-13,P-0015,S-002,C-00358,Store,1,252.84,37.23
SO-101059,2025-12-13,P-0010,S-002,C-00358,Store,1,69.54,0.0
SO-101060,2026-05-17,P-0006,S-007,C-00023,Online,5,389.38,0.0
SO-101060,2026-05-17,P-0008,S-007,C-00023,Online,2,155.15,0.0
SO-101060,2026-05-17,P-0011,S-007,C-00023,Online,1,329.61,25.66
SO-101061,2026-05-04,P-0026,S-008,C-00255,Store,1,7.84,0.0
SO-101061,2026-05-04,P-0023,S-008,C-00255,Store,3,109.7,0.0
SO-101061,2026-05-04,P-0014,S-008,C-00255,Store,1,398.94,0.0
SO-101062,2025-12-09,P-0003,S-009,C-00360,Store,3,92.07,0.0
SO-101062,2025-12-09,P-0009,S-009,C-00360,Store,5,269.72,0.0
SO-101062,2025-12-09,P-0029,S-009,C-00360,Store,2,144.95,23.89
SO-101062,2025-12-09,P-0022,S-009,C-00360,Store,5,391.3,174.72
SO-101063,2026-05-18,P-0016,S-006,C-00286,Online,2,240.38,0.0
SO-101063,2026-05-18,P-0003,S-006,C-00286,Online,1,92.07,0.0
SO-101063,2026-05-18,P-0026,S-006,C-00286,Online,2,7.84,1.73
SO-101064,2026-05-29,P-0004,S-006,C-00031,Store,5,114.76,0.0
SO-101065,2026-04-29,P-0011,S-005,C-00451,Store,2,329.61,0.0
SO-101065,2026-04-29,P-0030,S-005,C-00451,Store,2,28.94,8.39
SO-101066,2026-04-02,P-0005,S-003,C-00199,Store,2,146.8,0.0
SO-101067,2026-01-07,P-0019,S-002,C-00245,Online,2,348.85,140.02
SO-101068,2026-05-10,P-0014,S-004,C-00424,Store,4,398.94,182.07
SO-101068,2026-05-10,P-0002,S-004,C-00424,Store,4,42.01,30.98
SO-101068,2026-05-10,P-0025,S-004,C-00424,Store,3,102.92,0.0
SO-101069,2026-05-05,P-0016,S-004,C-00384,Online,5,240.38,0.0
SO-101069,2026-05-05,P-0020,S-004,C-00384,Online,2,241.58,74.53
SO-101070,2026-04-07,P-0014,S-007,C-00308,Online,1,398.94,0.0
SO-101071,2026-05-30,P-0012,S-003,C-00396,Online,3,88.99,0.0
SO-101072,2026-03-29,P-0030,S-006,C-00156,Online,4,28.94,0.0
SO-101072,2026-03-29,P-0010,S-006,C-00156,Online,4,69.54,0.0
SO-101072,2026-03-29,P-0028,S-006,C-00156,Online,5,100.98,0.0
SO-101073,2026-05-24,P-0016,S-011,C-00403,Online,1,240.38,0.0
SO-101073,2026-05-24,P-0011,S-011,C-00403,Online,3,329.61,0.0
SO-101074,2026-05-07,P-0030,S-005,C-00323,Online,3,28.94,0.0
SO-101074,2026-05-07,P-0009,S-005,C-00323,Online,2,269.72,0.0
SO-101074,2026-05-07,P-0028,S-005,C-00323,Online,3,100.98,0.0
SO-101075,2026-04-24,P-0017,S-005,C-00099,Store,3,274.28,110.89
SO-101075,2026-04-24,P-0022,S-005,C-00099,Store,2,391.3,0.0
SO-101075,2026-04-24,P-0014,S-005,C-00099,Store,2,398.94,0.0
SO-101076,2026-05-26,P-0023,S-011,C-00352,Store,2,109.7,0.0
SO-101076,2026-05-26,P-0018,S-011,C-00352,Store,5,176.73,0.0
SO-101076,2026-05-26,P-0011,S-011,C-00352,Store,1,329.61,0.0
SO-101077,2026-02-13,P-0006,S-004,C-00307,Online,4,389.38,0.0
SO-101077,2026-02-13,P-0029,S-004,C-00307,Online,4,144.95,0.0
SO-101077,2026-02-13,P-0021,S-004,C-00307,Online,3,100.14,0.0
SO-101078,2026-03-28,P-0009,S-003,C-00131,Store,1,269.72,0.0
SO-101079,2026-04-20,P-0026,S-001,C-00035,Online,3,7.84,0.0
SO-101079,2026-04-20,P-0030,S-001,C-00035,Online,4,28.94,0.0
SO-101080,2026-04-20,P-0007,S-005,C-00262,Store,4,283.31,0.0
SO-101080,2026-04-20,P-0009,S-005,C-00262,Store,4,269.72,0.0
SO-101080,2026-04-20,P-0002,S-005,C-00262,Store,3,42.01,10.87
SO-101080,2026-04-20,P-0014,S-005,C-00262,Store,3,398.94,0.0
SO-101081,2025-12-14,P-0018,S-002,C-00143,Store,5,176.73,182.72
SO-101082,2026-05-25,P-0001,S-001,C-00457,Store,1,93.17,0.0
SO-101083,2026-05-09,P-0008,S-005,C-00221,Online,5,155.15,0.0
SO-101083,2026-05-09,P-0020,S-005,C-00221,Online,3,241.58,0.0
SO-101084,2026-03-01,P-0025,S-003,C-00012,Online,4,102.92,71.33
SO-101084,2026-03-01,P-0008,S-003,C-00012,Online,2,155.15,61.47
SO-101084,2026-03-01,P-0006,S-003,C-00012,Online,3,389.38,0.0
SO-101085,2026-01-01,P-0015,S-007,C-00114,Store,2,252.84,0.0
SO-101085,2026-01-01,P-0020,S-007,C-00114,Store,2,241.58,24.46
SO-101086,2026-05-21,P-0015,S-010,C-00441,Store,1,252.84,0.0
SO-101086,2026-05-21,P-0007,S-010,C-00441,Store,4,283.31,0.0
SO-101086,2026-05-21,P-0008,S-010,C-00441,Store,4,155.15,0.0
SO-101086,2026-05-21,P-0004,S-010,C-00441,Store,4,114.76,93.19
SO-101087,2026-01-22,P-0011,S-008,C-00224,Online,5,329.61,0.0
SO-101087,2026-01-22,P-0001,S-008,C-00224,Online,4,93.17,0.0
SO-101087,2026-01-22,P-0016,S-008,C-00224,Online,3,240.38,47.21
SO-101088,2026-05-28,P-0007,S-003,C-00404,Online,3,283.31,91.91
SO-101088,2026-05-28,P-0011,S-003,C-00404,Online,2,329.61,0.0
SO-101088,2026-05-28,P-0012,S-003,C-00404,Online,4,88.99,0.0
SO-101088,2026-05-28,P-0013,S-003,C-00404,Online,5,299.27,283.58
SO-101089,2026-03-26,P-0012,S-001,C-00200,Online,4,88.99,0.0
SO-101089,2026-03-26,P-0013,S-001,C-00200,Online,4,299.27,0.0
SO-101089,2026-03-26,P-0001,S-001,C-00200,Online,1,93.17,0.0
SO-101090,2026-02-28,P-0016,S-006,C-00467,Store,5,240.38,0.0
SO-101090,2026-02-28,P-0006,S-006,C-00467,Store,5,389.38,0.0
SO-101090,2026-02-28,P-0008,S-006,C-00467,Store,2,155.15,0.0
SO-101091,2026-03-08,P-0003,S-004,C-00047,Store,5,92.07,30.31
SO-101091,2026-03-08,P-0020,S-004,C-00047,Store,3,241.58,0.0
SO-101092,2026-02-14,P-0008,S-007,C-00143,Store,3,155.15,29.49
SO-101092,2026-02-14,P-0014,S-007,C-00143,Store,1,398.94,0.0
SO-101093,2026-04-26,P-0018,S-012,C-00091,Online,2,176.73,74.77
SO-101093,2026-04-26,P-0016,S-012,C-00091,Online,2,240.38,0.0
SO-101093,2026-04-26,P-0014,S-012,C-00091,Online,1,398.94,28.05
SO-101094,2026-01-15,P-0024,S-008,C-00284,Store,5,286.61,0.0
SO-101094,2026-01-15,P-0006,S-008,C-00284,Store,2,389.38,0.0
SO-101094,2026-01-15,P-0005,S-008,C-00284,Store,3,146.8,0.0
SO-101095,2026-02-08,P-0013,S-001,C-00257,Store,2,299.27,86.08
SO-101096,2026-01-03,P-0019,S-010,C-00428,Store,4,348.85,118.65
SO-101096,2026-01-03,P-0026,S-010,C-00428,Store,1,7.84,0.0
SO-101096,2026-01-03,P-0009,S-010,C-00428,Store,2,269.72,0.0
SO-101097,2025-12-11,P-0010,S-007,C-00070,Store,4,69.54,0.0
SO-101098,2026-04-05,P-0029,S-007,C-00282,Online,5,144.95,0.0
SO-101098,2026-04-05,P-0017,S-007,C-00282,Online,5,274.28,0.0
SO-101098,2026-04-05,P-0015,S-007,C-00282,Online,4,252.84,0.0
SO-101098,2026-04-05,P-0021,S-007,C-00282,Online,5,100.14,0.0
SO-101099,2026-01-12,P-0007,S-008,C-00065,Store,1,283.31,0.0
SO-101100,2026-03-05,P-0013,S-002,C-00310,Online,3,299.27,0.0
SO-101100,2026-03-05,P-0010,S-002,C-00310,Online,1,69.54,14.26
SO-101100,2026-03-05,P-0012,S-002,C-00310,Online,2,88.99,0.0
SO-101100,2026-03-05,P-0001,S-002,C-00310,Online,5,93.17,0.0
SO-101101,2026-01-05,P-0005,S-005,C-00203,Online,2,146.8,0.0
SO-101101,2026-01-05,P-0001,S-005,C-00203,Online,3,93.17,0.0
SO-101102,2026-03-30,P-0015,S-006,C-00452,Online,4,252.84,0.0
SO-101102,2026-03-30,P-0005,S-006,C-00452,Online,2,146.8,0.0
SO-101103,2026-05-13,P-0012,S-005,C-00192,Online,4,88.99,0.0
SO-101104,2026-05-17,P-0012,S-002,C-00307,Online,5,88.99,0.0
SO-101104,2026-05-17,P-0027,S-002,C-00307,Online,4,32.99,15.35
SO-101104,2026-05-17,P-0017,S-002,C-00307,Online,3,274.28,0.0
SO-101105,2026-01-12,P-0002,S-002,C-00075,Store,2,42.01,0.0
SO-101105,2026-01-12,P-0001,S-002,C-00075,Store,3,93.17,36.53
SO-101105,2026-01-12,P-0017,S-002,C-00075,Store,5,274.28,0.0
SO-101106,2026-05-09,P-0029,S-006,C-00027,Store,4,144.95,0.0
SO-101107,2026-03-21,P-0005,S-001,C-00342,Online,4,146.8,0.0
SO-101108,2026-03-23,P-0005,S-011,C-00137,Online,2,146.8,37.22
SO-101108,2026-03-23,P-0025,S-011,C-00137,Online,4,102.92,24.21
SO-101109,2025-12-04,P-0014,S-004,C-00215,Online,2,398.94,0.0
SO-101109,2025-12-04,P-0026,S-004,C-00215,Online,5,7.84,9.14
SO-101110,2025-12-01,P-0009,S-003,C-00440,Online,4,269.72,0.0
SO-101111,2026-01-26,P-0004,S-003,C-00474,Store,3,114.76,0.0
SO-101111,2026-01-26,P-0003,S-003,C-00474,Store,3,92.07,0.0
SO-101111,2026-01-26,P-0022,S-003,C-00474,Store,3,391.3,0.0
SO-101111,2026-01-26,P-0015,S-003,C-00474,Store,5,252.84,0.0
SO-101112,2026-02-23,P-0022,S-006,C-00270,Online,5,391.3,0.0
SO-101112,2026-02-23,P-0027,S-006,C-00270,Online,3,32.99,0.0
SO-101113,2026-02-01,P-0009,S-001,C-00223,Store,4,269.72,0.0
SO-101113,2026-02-01,P-0011,S-001,C-00223,Store,4,329.61,221.94
SO-101113,2026-02-01,P-0017,S-001,C-00223,Store,3,274.28,65.49
SO-101113,2026-02-01,P-0010,S-001,C-00223,Store,2,69.54,0.0
SO-101114,2026-01-26,P-0030,S-004,C-00238,Online,5,28.94,0.0
SO-101114,2026-01-26,P-0004,S-004,C-00238,Online,4,114.76,0.0
SO-101115,2026-03-18,P-0006,S-005,C-00042,Store,4,389.38,0.0
SO-101115,2026-03-18,P-0020,S-005,C-00042,Store,1,241.58,0.0
SO-101116,2025-12-15,P-0016,S-007,C-00079,Store,1,240.38,0.0
SO-101116,2025-12-15,P-0001,S-007,C-00079,Store,4,93.17,0.0
SO-101116,2025-12-15,P-0011,S-007,C-00079,Store,4,329.61,0.0
SO-101116,2025-12-15,P-0012,S-007,C-00079,Store,4,88.99,0.0
SO-101117,2026-03-14,P-0020,S-004,C-00147,Store,2,241.58,0.0
SO-101117,2026-03-14,P-0026,S-004,C-00147,Store,5,7.84,0.0
SO-101118,2026-03-07,P-0026,S-002,C-00043,Online,1,7.84,1.06
SO-101119,2025-12-24,P-0002,S-012,C-00332,Online,4,42.01,12.89
SO-101119,2025-12-24,P-0001,S-012,C-00332,Online,3,93.17,0.0
SO-101120,2026-05-29,P-0006,S-010,C-00045,Store,3,389.38,0.0
SO-101121,2025-12-10,P-0027,S-002,C-00021,Online,2,32.99,0.0
SO-101122,2026-03-11,P-0019,S-008,C-00056,Online,5,348.85,300.97
SO-101122,2026-03-11,P-0010,S-008,C-00056,Online,2,69.54,23.82
SO-101122,2026-03-11,P-0020,S-008,C-00056,Online,3,241.58,148.73
SO-101123,2026-04-11,P-0002,S-010,C-00115,Store,3,42.01,0.0
SO-101123,2026-04-11,P-0013,S-010,C-00115,Store,4,299.27,0.0
SO-101123,2026-04-11,P-0028,S-010,C-00115,Store,3,100.98,0.0
SO-101124,2026-02-17,P-0014,S-012,C-00418,Store,3,398.94,0.0
SO-101124,2026-02-17,P-0026,S-012,C-00418,Store,2,7.84,1.25
SO-101124,2026-02-17,P-0030,S-012,C-00418,Store,2,28.94,3.57
SO-101124,2026-02-17,P-0008,S-012,C-00418,Store,1,155.15,38.73
SO-101125,2026-01-02,P-0023,S-002,C-00145,Store,2,109.7,0.0
SO-101125,2026-01-02,P-0011,S-002,C-00145,Store,4,329.61,0.0
SO-101125,2026-01-02,P-0019,S-002,C-00145,Store,5,348.85,0.0
SO-101126,2026-02-16,P-0021,S-004,C-00459,Online,4,100.14,25.32
SO-101126,2026-02-16,P-0002,S-004,C-00459,Online,1,42.01,0.0
SO-101126,2026-02-16,P-0012,S-004,C-00459,Online,3,88.99,0.0
SO-101126,2026-02-16,P-0006,S-004,C-00459,Online,4,389.38,0.0
SO-101127,2026-03-12,P-0027,S-006,C-00231,Online,4,32.99,0.0
SO-101127,2026-03-12,P-0011,S-006,C-00231,Online,5,329.61,0.0
SO-101128,2026-01-17,P-0014,S-003,C-00489,Store,3,398.94,271.49
SO-101128,2026-01-17,P-0003,S-003,C-00489,Store,2,92.07,0.0
SO-101128,2026-01-17,P-0016,S-003,C-00489,Store,4,240.38,0.0
SO-101129,2026-01-21,P-0021,S-007,C-00020,Online,3,100.14,0.0
SO-101130,2026-05-07,P-0025,S-001,C-00054,Store,2,102.92,38.3
SO-101130,2026-05-07,P-0027,S-001,C-00054,Store,5,32.99,21.14
SO-101130,2026-05-07,P-0017,S-001,C-00054,Store,5,274.28,0.0
SO-101130,2026-05-07,P-0007,S-001,C-00054,Store,5,283.31,0.0
SO-101131,2026-01-20,P-0015,S-012,C-00410,Store,5,252.84,0.0
SO-101132,2026-04-17,P-0011,S-008,C-00023,Online,5,329.61,0.0
SO-101132,2026-04-17,P-0001,S-008,C-00023,Online,1,93.17,0.0
SO-101132,2026-04-17,P-0014,S-008,C-00023,Online,4,398.94,0.0
SO-101133,2026-05-05,P-0015,S-006,C-00428,Store,3,252.84,0.0
SO-101133,2026-05-05,P-0009,S-006,C-00428,Store,1,269.72,0.0
SO-101134,2026-05-21,P-0001,S-005,C-00203,Online,1,93.17,19.97
SO-101134,2026-05-21,P-0017,S-005,C-00203,Online,2,274.28,0.0
SO-101134,2026-05-21,P-0008,S-005,C-00203,Online,4,155.15,40.48
SO-101135,2026-02-09,P-0001,S-009,C-00482,Store,3,93.17,0.0
SO-101135,2026-02-09,P-0017,S-009,C-00482,Store,1,274.28,0.0
SO-101135,2026-02-09,P-0028,S-009,C-00482,Store,5,100.98,92.02
SO-101135,2026-02-09,P-0024,S-009,C-00482,Store,3,286.61,0.0
SO-101136,2026-01-30,P-0006,S-007,C-00288,Online,2,389.38,105.83
SO-101136,2026-01-30,P-0018,S-007,C-00288,Online,3,176.73,0.0
SO-101136,2026-01-30,P-0021,S-007,C-00288,Online,4,100.14,30.43
SO-101137,2026-02-05,P-0014,S-005,C-00344,Store,4,398.94,132.1
SO-101137,2026-02-05,P-0006,S-005,C-00344,Store,1,389.38,0.0
SO-101137,2026-02-05,P-0029,S-005,C-00344,Store,3,144.95,0.0
SO-101138,2026-04-18,P-0005,S-011,C-00036,Online,1,146.8,0.0
SO-101139,2025-12-01,P-0006,S-002,C-00399,Online,4,389.38,0.0
SO-101139,2025-12-01,P-0004,S-002,C-00399,Online,5,114.76,0.0
SO-101139,2025-12-01,P-0025,S-002,C-00399,Online,5,102.92,0.0
SO-101140,2026-01-01,P-0012,S-010,C-00143,Store,1,88.99,0.0
SO-101141,2026-03-10,P-0024,S-009,C-00484,Online,5,286.61,0.0
SO-101141,2026-03-10,P-0001,S-009,C-00484,Online,1,93.17,0.0
SO-101141,2026-03-10,P-0030,S-009,C-00484,Online,2,28.94,4.75
SO-101142,2026-05-26,P-0001,S-008,C-00474,Store,4,93.17,0.0
SO-101142,2026-05-26,P-0011,S-008,C-00474,Store,4,329.61,201.04
SO-101142,2026-05-26,P-0028,S-008,C-00474,Store,4,100.98,35.56
SO-101143,2026-05-13,P-0024,S-010,C-00383,Store,2,286.61,0.0
SO-101144,2026-04-06,P-0021,S-008,C-00199,Store,1,100.14,8.77
SO-101144,2026-04-06,P-0012,S-008,C-00199,Store,5,88.99,0.0
SO-101144,2026-04-06,P-0007,S-008,C-00199,Store,3,283.31,0.0
SO-101145,2026-03-17,P-0028,S-001,C-00497,Online,2,100.98,0.0
SO-101145,2026-03-17,P-0015,S-001,C-00497,Online,5,252.84,0.0
SO-101145,2026-03-17,P-0003,S-001,C-00497,Online,1,92.07,0.0
SO-101146,2026-04-01,P-0004,S-009,C-00372,Store,1,114.76,0.0
SO-101146,2026-04-01,P-0020,S-009,C-00372,Store,3,241.58,114.09
SO-101146,2026-04-01,P-0026,S-009,C-00372,Store,4,7.84,6.95
SO-101147,2025-12-15,P-0023,S-011,C-00494,Online,4,109.7,0.0
SO-101147,2025-12-15,P-0009,S-011,C-00494,Online,3,269.72,0.0
SO-101148,2026-03-16,P-0016,S-009,C-00187,Online,3,240.38,0.0
SO-101149,2026-03-15,P-0023,S-005,C-00168,Store,2,109.7,0.0
SO-101149,2026-03-15,P-0003,S-005,C-00168,Store,5,92.07,0.0
SO-101150,2025-12-26,P-0025,S-002,C-00500,Store,1,102.92,9.52
SO-101150,2025-12-26,P-0011,S-002,C-00500,Store,1,329.61,34.71
SO-101150,2025-12-26,P-0029,S-002,C-00500,Store,5,144.95,0.0
SO-101151,2025-12-21,P-0030,S-009,C-00479,Online,3,28.94,11.35
SO-101151,2025-12-21,P-0018,S-009,C-00479,Online,1,176.73,0.0
SO-101151,2025-12-21,P-0022,S-009,C-00479,Online,4,391.3,182.59
SO-101152,2025-12-14,P-0004,S-002,C-00486,Store,4,114.76,97.27
SO-101153,2026-03-14,P-0003,S-005,C-00082,Store,2,92.07,43.02
SO-101153,2026-03-14,P-0011,S-005,C-00082,Store,1,329.61,0.0
SO-101154,2025-12-05,P-0006,S-012,C-00363,Store,5,389.38,256.18
SO-101154,2025-12-05,P-0024,S-012,C-00363,Store,5,286.61,0.0
SO-101155,2026-04-27,P-0002,S-004,C-00253,Online,2,42.01,0.0
SO-101155,2026-04-27,P-0014,S-004,C-00253,Online,4,398.94,248.23
SO-101156,2026-02-27,P-0009,S-010,C-00211,Store,1,269.72,0.0
SO-101156,2026-02-27,P-0008,S-010,C-00211,Store,3,155.15,0.0
SO-101156,2026-02-27,P-0020,S-010,C-00211,Store,4,241.58,70.47
SO-101157,2026-05-01,P-0019,S-005,C-00354,Store,5,348.85,321.3
SO-101157,2026-05-01,P-0006,S-005,C-00354,Store,2,389.38,0.0
SO-101158,2026-01-29,P-0022,S-012,C-00024,Online,4,391.3,146.55
SO-101159,2025-12-29,P-0027,S-011,C-00108,Store,1,32.99,0.0
SO-101160,2026-02-26,P-0028,S-003,C-00076,Store,3,100.98,0.0
SO-101161,2026-03-16,P-0015,S-009,C-00349,Store,2,252.84,61.0
SO-101161,2026-03-16,P-0022,S-009,C-00349,Store,2,391.3,0.0
SO-101161,2026-03-16,P-0007,S-009,C-00349,Store,3,283.31,0.0
SO-101162,2026-02-03,P-0026,S-008,C-00082,Store,1,7.84,0.0
SO-101163,2026-04-14,P-0005,S-007,C-00057,Store,2,146.8,0.0
SO-101163,2026-04-14,P-0010,S-007,C-00057,Store,1,69.54,0.0
SO-101163,2026-04-14,P-0009,S-007,C-00057,Store,5,269.72,190.0
SO-101164,2026-02-16,P-0027,S-008,C-00103,Online,3,32.99,9.31
SO-101164,2026-02-16,P-0016,S-008,C-00103,Online,2,240.38,46.58
SO-101164,2026-02-16,P-0013,S-008,C-00103,Online,4,299.27,0.0
SO-101165,2026-04-21,P-0024,S-003,C-00057,Store,3,286.61,0.0
SO-101165,2026-04-21,P-0012,S-003,C-00057,Store,3,88.99,0.0
SO-101165,2026-04-21,P-0017,S-003,C-00057,Store,5,274.28,0.0
SO-101166,2026-03-14,P-0008,S-010,C-00491,Store,3,155.15,46.01
SO-101167,2026-05-21,P-0021,S-010,C-00295,Online,5,100.14,121.03
SO-101167,2026-05-21,P-0016,S-010,C-00295,Online,3,240.38,0.0
SO-101168,2026-04-21,P-0007,S-006,C-00001,Store,3,283.31,0.0
SO-101168,2026-04-21,P-0006,S-006,C-00001,Store,4,389.38,328.51
SO-101168,2026-04-21,P-0004,S-006,C-00001,Store,5,114.76,74.82
SO-101168,2026-04-21,P-0024,S-006,C-00001,Store,5,286.61,0.0
SO-101169,2026-03-02,P-0029,S-008,C-00320,Store,3,144.95,50.98
SO-101169,2026-03-02,P-0008,S-008,C-00320,Store,4,155.15,0.0
SO-101170,2026-04-16,P-0023,S-004,C-00221,Store,1,109.7,25.14
SO-101171,2026-01-29,P-0014,S-001,C-00105,Store,1,398.94,0.0
SO-101171,2026-01-29,P-0018,S-001,C-00105,Store,5,176.73,0.0
SO-101171,2026-01-29,P-0024,S-001,C-00105,Store,2,286.61,53.26
SO-101171,2026-01-29,P-0003,S-001,C-00105,Store,3,92.07,27.98
SO-101172,2026-04-30,P-0029,S-005,C-00330,Store,2,144.95,0.0
SO-101172,2026-04-30,P-0007,S-005,C-00330,Store,1,283.31,0.0
SO-101172,2026-04-30,P-0003,S-005,C-00330,Store,5,92.07,0.0
SO-101172,2026-04-30,P-0011,S-005,C-00330,Store,2,329.61,123.8
SO-101173,2026-04-18,P-0030,S-012,C-00374,Store,4,28.94,0.0
SO-101174,2026-01-25,P-0017,S-006,C-00052,Online,5,274.28,226.47
SO-101175,2025-12-01,P-0025,S-006,C-00479,Store,2,102.92,14.31
SO-101175,2025-12-01,P-0015,S-006,C-00479,Store,5,252.84,132.81
SO-101175,2025-12-01,P-0018,S-006,C-00479,Store,2,176.73,0.0
SO-101176,2026-01-29,P-0027,S-012,C-00092,Online,2,32.99,9.38
SO-101176,2026-01-29,P-0007,S-012,C-00092,Online,4,283.31,87.15
SO-101177,2025-12-31,P-0021,S-012,C-00105,Online,3,100.14,0.0
SO-101177,2025-12-31,P-0025,S-012,C-00105,Online,4,102.92,25.79
SO-101177,2025-12-31,P-0029,S-012,C-00105,Online,2,144.95,0.0
SO-101178,2025-12-02,P-0022,S-001,C-00273,Store,4,391.3,317.55
SO-101178,2025-12-02,P-0027,S-001,C-00273,Store,2,32.99,8.78
SO-101179,2026-03-22,P-0029,S-003,C-00137,Store,5,144.95,0.0
SO-101179,2026-03-22,P-0015,S-003,C-00137,Store,5,252.84,176.75
SO-101179,2026-03-22,P-0006,S-003,C-00137,Store,2,389.38,0.0
SO-101180,2026-03-24,P-0030,S-005,C-00311,Store,1,28.94,3.16
SO-101180,2026-03-24,P-0024,S-005,C-00311,Store,5,286.61,0.0
SO-101181,2025-12-24,P-0029,S-002,C-00408,Online,2,144.95,0.0
SO-101181,2025-12-24,P-0002,S-002,C-00408,Online,5,42.01,0.0
SO-101182,2025-12-29,P-0002,S-007,C-00466,Store,2,42.01,0.0
SO-101182,2025-12-29,P-0017,S-007,C-00466,Store,2,274.28,0.0
SO-101183,2026-01-31,P-0008,S-009,C-00440,Online,5,155.15,0.0
SO-101184,2026-02-25,P-0011,S-002,C-00133,Store,2,329.61,97.63
SO-101184,2026-02-25,P-0018,S-002,C-00133,Store,2,176.73,73.52
SO-101184,2026-02-25,P-0005,S-002,C-00133,Store,1,146.8,0.0
SO-101185,2026-05-09,P-0024,S-007,C-00370,Store,3,286.61,0.0
SO-101186,2026-05-24,P-0025,S-006,C-00016,Store,1,102.92,0.0
SO-101187,2026-05-20,P-0011,S-012,C-00016,Online,2,329.61,0.0
SO-101188,2026-05-13,P-0016,S-002,C-00353,Store,1,240.38,0.0
SO-101188,2026-05-13,P-0026,S-002,C-00353,Store,5,7.84,0.0
SO-101189,2025-12-15,P-0024,S-012,C-00496,Online,2,286.61,0.0
SO-101190,2026-02-19,P-0025,S-002,C-00407,Store,2,102.92,43.75
SO-101190,2026-02-19,P-0010,S-002,C-00407,Store,5,69.54,0.0
SO-101190,2026-02-19,P-0009,S-002,C-00407,Store,5,269.72,0.0
SO-101191,2026-04-05,P-0027,S-002,C-00078,Store,3,32.99,0.0
SO-101191,2026-04-05,P-0025,S-002,C-00078,Store,1,102.92,0.0
SO-101192,2026-03-31,P-0002,S-007,C-00240,Store,5,42.01,38.31
SO-101193,2026-02-01,P-0012,S-011,C-00175,Store,5,88.99,35.59
SO-101194,2026-03-07,P-0026,S-004,C-00212,Store,5,7.84,4.48
SO-101194,2026-03-07,P-0009,S-004,C-00212,Store,1,269.72,0.0
SO-101195,2026-01-13,P-0018,S-007,C-00374,Online,1,176.73,0.0
SO-101196,2025-12-14,P-0020,S-004,C-00211,Store,5,241.58,0.0
SO-101196,2025-12-14,P-0012,S-004,C-00211,Store,5,88.99,27.99
SO-101196,2025-12-14,P-0026,S-004,C-00211,Store,3,7.84,0.0
SO-101196,2025-12-14,P-0001,S-004,C-00211,Store,1,93.17,0.0
SO-101197,2026-02-03,P-0009,S-002,C-00456,Online,3,269.72,0.0
SO-101198,2026-05-14,P-0017,S-008,C-00256,Store,4,274.28,0.0
SO-101198,2026-05-14,P-0007,S-008,C-00256,Store,2,283.31,0.0
SO-101199,2025-12-17,P-0005,S-004,C-00080,Store,4,146.8,0.0
SO-101200,2026-02-14,P-0014,S-009,C-00293,Online,1,398.94,53.44
SO-101200,2026-02-14,P-0010,S-009,C-00293,Online,2,69.54,0.0
SO-101200,2026-02-14,P-0006,S-009,C-00293,Online,5,389.38,0.0
SO-101201,2025-12-27,P-0028,S-005,C-00043,Store,3,100.98,0.0
SO-101201,2025-12-27,P-0002,S-005,C-00043,Store,4,42.01,40.2
SO-101201,2025-12-27,P-0027,S-005,C-00043,Store,3,32.99,0.0
SO-101201,2025-12-27,P-0013,S-005,C-00043,Store,1,299.27,62.17
SO-101202,2026-05-22,P-0010,S-009,C-00350,Store,1,69.54,0.0
SO-101202,2026-05-22,P-0007,S-009,C-00350,Store,4,283.31,0.0
SO-101203,2026-03-16,P-0025,S-005,C-00263,Online,2,102.92,0.0
SO-101204,2026-03-05,P-0027,S-012,C-00257,Store,3,32.99,0.0
SO-101204,2026-03-05,P-0009,S-012,C-00257,Store,2,269.72,0.0
SO-101205,2026-05-28,P-0010,S-012,C-00175,Store,1,69.54,0.0
SO-101206,2026-02-13,P-0007,S-004,C-00107,Store,3,283.31,0.0
SO-101206,2026-02-13,P-0027,S-004,C-00107,Store,1,32.99,0.0
SO-101206,2026-02-13,P-0017,S-004,C-00107,Store,2,274.28,0.0
SO-101207,2025-12-27,P-0017,S-012,C-00308,Store,1,274.28,0.0
SO-101207,2025-12-27,P-0015,S-012,C-00308,Store,5,252.84,0.0
SO-101207,2025-12-27,P-0024,S-012,C-00308,Store,2,286.61,0.0
SO-101207,2025-12-27,P-0029,S-012,C-00308,Store,2,144.95,0.0
SO-101208,2026-01-04,P-0029,S-006,C-00116,Store,4,144.95,0.0
SO-101209,2025-12-20,P-0025,S-010,C-00390,Online,4,102.92,0.0
SO-101209,2025-12-20,P-0011,S-010,C-00390,Online,4,329.61,0.0
SO-101209,2025-12-20,P-0013,S-010,C-00390,Online,5,299.27,0.0
SO-101209,2025-12-20,P-0004,S-010,C-00390,Online,1,114.76,0.0
SO-101210,2026-01-23,P-0011,S-001,C-00301,Online,4,329.61,99.65
SO-101211,2026-05-02,P-0011,S-001,C-00126,Store,4,329.61,140.72
SO-101211,2026-05-02,P-0016,S-001,C-00126,Store,5,240.38,234.32
SO-101211,2026-05-02,P-0021,S-001,C-00126,Store,4,100.14,0.0
SO-101211,2026-05-02,P-0023,S-001,C-00126,Store,5,109.7,0.0
SO-101212,2026-03-11,P-0003,S-006,C-00069,Store,3,92.07,0.0
SO-101213,2026-01-01,P-0004,S-011,C-00396,Online,2,114.76,35.8
SO-101213,2026-01-01,P-0018,S-011,C-00396,Online,3,176.73,0.0
SO-101213,2026-01-01,P-0010,S-011,C-00396,Online,5,69.54,86.71
SO-101214,2026-01-19,P-0020,S-012,C-00081,Store,2,241.58,67.77
SO-101214,2026-01-19,P-0017,S-012,C-00081,Store,3,274.28,0.0
SO-101215,2025-12-20,P-0005,S-001,C-00357,Store,4,146.8,0.0
SO-101215,2025-12-20,P-0017,S-001,C-00357,Store,1,274.28,0.0
SO-101215,2025-12-20,P-0018,S-001,C-00357,Store,1,176.73,0.0
SO-101216,2026-02-25,P-0026,S-007,C-00220,Store,1,7.84,0.59
SO-101216,2026-02-25,P-0024,S-007,C-00220,Store,1,286.61,0.0
SO-101216,2026-02-25,P-0002,S-007,C-00220,Store,2,42.01,0.0
SO-101216,2026-02-25,P-0017,S-007,C-00220,Store,1,274.28,0.0
SO-101217,2026-01-22,P-0027,S-007,C-00453,Store,1,32.99,0.0
SO-101218,2026-05-25,P-0004,S-006,C-00482,Store,2,114.76,27.11
SO-101218,2026-05-25,P-0006,S-006,C-00482,Store,1,389.38,0.0
SO-101219,2026-04-10,P-0016,S-007,C-00293,Store,4,240.38,0.0
SO-101220,2026-04-23,P-0017,S-003,C-00319,Online,3,274.28,199.64
SO-101220,2026-04-23,P-0027,S-003,C-00319,Online,1,32.99,7.56
SO-101221,2025-12-02,P-0011,S-008,C-00400,Online,2,329.61,0.0
SO-101221,2025-12-02,P-0010,S-008,C-00400,Online,5,69.54,0.0
SO-101222,2026-04-15,P-0021,S-001,C-00109,Store,5,100.14,0.0
SO-101222,2026-04-15,P-0012,S-001,C-00109,Store,1,88.99,11.04
SO-101223,2026-05-26,P-0017,S-010,C-00421,Online,3,274.28,0.0
SO-101224,2026-04-28,P-0030,S-005,C-00147,Online,4,28.94,0.0
SO-101224,2026-04-28,P-0001,S-005,C-00147,Online,5,93.17,0.0
